Fecha,Fecha de Compra,Descripción,Importe,Monto en moneda extranjera,Tipo de Cambio,Información Adicional,Aparece en su Estado de Cuenta como,Dirección,Población/Provincia,Código postal,País,Referencia
22 Dec 2025,22 Dec 2025,AMAZON MX*EBOOKS MX     MEXICO CITY,201.00,,,RFCAMS130507JI3 /REF3ElGTmW3tDrbvAArZ6Tq,AMAZON MX*EBOOKS MX     MEXICO CITY,"MANUEL AVILA CAMACHO 36
LOMAS DE CHAPULTEPEC I SECCION
MIGUEL HIDALGO
MEXICO",,11000,MEXICO,'AT253560004000010340889'
22 Dec 2025,22 Dec 2025,AMAZON MX*EBOOKS MX     MEXICO CITY,279.00,,,RFCAMS130507JI3 /REF1n03pXeKxLUXZ4oRWdzM,AMAZON MX*EBOOKS MX     MEXICO CITY,"MANUEL AVILA CAMACHO 36
LOMAS DE CHAPULTEPEC I SECCION
MIGUEL HIDALGO
MEXICO",,11000,MEXICO,'AT253560004000010340891'
22 Dec 2025,22 Dec 2025,CABLE Y COMU MORELIA SA CIUDAD DE MEXIC,719.38,,,RFCCCM010816UK4 /REF101384263592,CABLE Y COMU MORELIA SA CIUDAD DE MEXIC,"AV JAVIER BARROS SIERRA 540 TORREII
LOMAS DE SANTA FE
ALVARO OBREGON
MEXICO",,01219,MEXICO,'AT253560004000010356153'
22 Dec 2025,22 Dec 2025,CUOTA ANUAL MENSUALIDAD 02 DE 03,2774.47,,,,CUOTA ANUAL MENSUALIDAD 02 DE 03,,,,,'10000000011122999699910'
22 Dec 2025,22 Dec 2025,IVA APLICABLE,443.92,,,,IVA APLICABLE,,,,,'10000000011122999699910'
21 Dec 2025,21 Dec 2025,NETPAY*CIEN FUEGOS II C Yucatan,1150.00,,,RFCNPA0803124V6 /REF20239166,NETPAY*CIEN FUEGOS II C Yucatan,"CALLE 11 356
MERIDA",,97000,MEXICO,'AT253550004000010333319'
21 Dec 2025,21 Dec 2025,SPOTIFY MX              MEXICO,139.00,,,,SPOTIFY MX              MEXICO,"""4TH FLOOR, 25 ARGYLL STREET""
LONDON",,W1F 7TU,UNITED KINGDOM,'AT253550004000010321125'
20 Dec 2025,20 Dec 2025,ANTHROPIC               SAN FRANCISCO,4623.17,250.00 USD,,,ANTHROPIC               SAN FRANCISCO,"731 SANSOME ST
SAN FRANCISCO
CA",,94111,UNITED STATES,'AT253540004000010325891'
20 Dec 2025,20 Dec 2025,RAPPI*RAPPI MEXICO      MEXICO CITY,30.00,,,RFCTRA150604TW1 /REF0b7f7daa-93ba-4d91-9,RAPPI*RAPPI MEXICO      MEXICO CITY,"BOULEVARD MIGUEL CERVANTES SAAVEDRA
57B GRANADA
MIGUEL HIDALGO
MEXICO",,11529,MEXICO,'AT253540004000010345773'
20 Dec 2025,20 Dec 2025,RAPPI*RAPPI MEXICO      MEXICO CITY,756.70,,,RFCTRA150604TW1 /REF9a11453e-597e-42fe-9,RAPPI*RAPPI MEXICO      MEXICO CITY,"BOULEVARD MIGUEL CERVANTES SAAVEDRA
57B GRANADA
MIGUEL HIDALGO
MEXICO",,11529,MEXICO,'AT253540004000010345560'
20 Dec 2025,20 Dec 2025,UBER TRIP               HTTPS://HELP.UB,541.62,,,,UBER TRIP               HTTPS://HELP.UB,"MR. TREUBLAAN 7
AMSTERDAM",,1097 DP,NETHERLANDS,'AT253540004000010348591'
19 Dec 2025,19 Dec 2025,NETFLIX.COM             NETFLIX.COM,462.12,24.99 USD,,,NETFLIX.COM             NETFLIX.COM,"121 ALBRIGHT WAY
LOS GATOS
CA
MILPITAS",,95032-1815,UNITED STATES,'AT253530004000010392173'
19 Dec 2025,20 Dec 2025,PIZZA ROMA              CIUDAD DE MEX,3191.25,,,RFCBBA830831LJ2 /REFFLROYMXUUKKU,PIZZA ROMA              CIUDAD DE MEX,"C MEDELLIN 40 4
ROMA NORTE
DF
CIUDAD DE MEXICO CDMX",,06700,MEXICO,'AT253540004000010344526'
18 Dec 2025,18 Dec 2025,AMAZON MX*AMAZON RETAIL MEXICO CITY,820.00,,,RFCANE140618P37 /REF37KasUV3YQixeLEmwwpY,AMAZON MX*AMAZON RETAIL MEXICO CITY,"MANUEL AVILA CAMACHO 36
LOMAS DE CHAPULTEPEC I SECCION
MIGUEL HIDALGO
MEXICO",,11000,MEXICO,'AT253520004000010441791'
18 Dec 2025,19 Dec 2025,LE PAIN QUOTIDIEN ROMA  MEXICO,427.90,,,RFCOLP080326HW2 /REF000407,LE PAIN QUOTIDIEN ROMA  MEXICO,"MONTERREY 104
ROMA
CUAUHTEMOC
MEXICO",,06700,MEXICO,'AT253530004000010387908'
18 Dec 2025,18 Dec 2025,RAPPI*RAPPI MEXICO      MEXICO CITY,317.90,,,RFCTRA150604TW1 /REF385e38bc-1282-4d72-b,RAPPI*RAPPI MEXICO      MEXICO CITY,"BOULEVARD MIGUEL CERVANTES SAAVEDRA
57B GRANADA
MIGUEL HIDALGO
MEXICO",,11529,MEXICO,'AT253520004000010463693'
18 Dec 2025,19 Dec 2025,WWW.MUBI.COM            NEW YORK,179.00,,,,WWW.MUBI.COM            NEW YORK,"215 PARK AVENUE SOUTH FL 12
NEW YORK",,10003,UNITED STATES,'AT253530004000010392931'
17 Dec 2025,18 Dec 2025,GONZALITOS TAQUERIA S   CIUDAD DE MEX,414.70,,,RFCBBA830831LJ2 /REFZTGSPB6T5Y5B,GONZALITOS TAQUERIA S   CIUDAD DE MEX,"C COLIMA 76 DPTO LOCAL 76
ROMA NORTE
DF
CIUDAD DE MEXICO CDMX",,06700,MEXICO,'AT253520004000010466819'
17 Dec 2025,18 Dec 2025,REST DRUNKENDOG 0001449 CIUDAD DE MEX,546.25,,,RFCEMS0912039N7,REST DRUNKENDOG 0001449 CIUDAD DE MEX,"NUEVO LEON 4 A
HIPODROMO
CIUDAD DE MEXICO CDMX",,06100,MEXICO,'AT253520004000010446517'
17 Dec 2025,18 Dec 2025,ZTL*MOMO COFFEE         CIUDAD DE MEXIC,44.00,,,RFCOPM150323DI1 /REF067009061691,ZTL*MOMO COFFEE         CIUDAD DE MEXIC,"AVENIDA (AV.) INSURGENTES SUR 670 PISO 5
CIUDAD DE MEXICO",,03100,MEXICO,'AT253520004000010438127'
16 Dec 2025,16 Dec 2025,ALMANEGRA CAFE          CIUDAD DE MEX,44.00,,,RFCBMN930209927 /REF821454718226,ALMANEGRA CAFE          CIUDAD DE MEX,"CA ZACATECAS NO 180 E2
HIPODROMO
CIUDAD DE MEXICO CDMX",,06100,MEXICO,'AT253500004000010477201'
16 Dec 2025,17 Dec 2025,RESTAURAT CAMOMILA      CIUDAD DE MEX,253.00,,,RFCBBA830831LJ2 /REFTJCDDNFTENA0,RESTAURAT CAMOMILA      CIUDAD DE MEX,"C MERIDA 122
ROMA NORTE
DF
CIUDAD DE MEXICO CDMX",,06700,MEXICO,'AT253510014000010245650'
15 Dec 2025,16 Dec 2025,AMAZON MX MARKETPLACE*A MEXICO CITY,365.00,,,RFCANE140618P37 /REFtaNFfBzzSb2o38iC8aXe,AMAZON MX MARKETPLACE*A MEXICO CITY,"MANUEL AVILA CAMACHO 36
LOMAS DE CHAPULTEPEC I SECCION
MIGUEL HIDALGO
MEXICO",,11000,MEXICO,'AT253500004000010504703'
15 Dec 2025,16 Dec 2025,AMAZON MX MARKETPLACE*A MEXICO CITY,898.00,,,RFCANE140618P37 /REF3re8mCnExaTF9ZuozmlH,AMAZON MX MARKETPLACE*A MEXICO CITY,"MANUEL AVILA CAMACHO 36
LOMAS DE CHAPULTEPEC I SECCION
MIGUEL HIDALGO
MEXICO",,11000,MEXICO,'AT253500004000010510935'
15 Dec 2025,16 Dec 2025,AMAZON MX*AMAZON RETAIL MEXICO CITY,60.00,,,RFCANE140618P37 /REFoEMl3q2Eg2iHHUPA3D9i,AMAZON MX*AMAZON RETAIL MEXICO CITY,"MANUEL AVILA CAMACHO 36
LOMAS DE CHAPULTEPEC I SECCION
MIGUEL HIDALGO
MEXICO",,11000,MEXICO,'AT253500004000010511358'
15 Dec 2025,16 Dec 2025,AMAZON MX*AMAZON RETAIL MEXICO CITY,231.00,,,RFCANE140618P37 /REF3KJ00MbwkZzonP1Rx6wi,AMAZON MX*AMAZON RETAIL MEXICO CITY,"MANUEL AVILA CAMACHO 36
LOMAS DE CHAPULTEPEC I SECCION
MIGUEL HIDALGO
MEXICO",,11000,MEXICO,'AT253500004000010485110'
15 Dec 2025,16 Dec 2025,AMAZON MX*AMAZON RETAIL MEXICO CITY,4736.82,,,RFCANE140618P37 /REFnifxMwLIIKSatsQY9px8,AMAZON MX*AMAZON RETAIL MEXICO CITY,"MANUEL AVILA CAMACHO 36
LOMAS DE CHAPULTEPEC I SECCION
MIGUEL HIDALGO
MEXICO",,11000,MEXICO,'AT253500004000010511581'
15 Dec 2025,16 Dec 2025,ATARANTADOS             CIUDAD DE MEX,346.50,,,RFCBBA830831LJ2 /REFB3TVMFXWOUGI,ATARANTADOS             CIUDAD DE MEX,"C CORDOBA 113 L2
ROMA NORTE
DF
CIUDAD DE MEXICO CDMX",,06700,MEXICO,'AT253500004000010490936'
15 Dec 2025,16 Dec 2025,HUSET COCINA DE CAMPO   CIUDAD DE MEX,75.00,,,RFCBBA830831LJ2 /REFII13QZZUQ9JJ,HUSET COCINA DE CAMPO   CIUDAD DE MEX,"C COLIMA 256 1
ROMA NORTE
DF
CIUDAD DE MEXICO CDMX",,06700,MEXICO,'AT253500004000010491487'
15 Dec 2025,15 Dec 2025,ROTOPLAS SERVICIO       CDMX,369.00,,,RFCOPE130906HN4 /REFM5LPAKBICBXG,ROTOPLAS SERVICIO       CDMX,"5 DE FEBRERO 1351 - 202
SEQUOIA 202
FELIPE CARRILLO PUERTO
QUERETARO",,76138,MEXICO,'AT253490004000010241009'
14 Dec 2025,16 Dec 2025,*BODEGADEVICTORIA       CUAUHTEMOC,1259.25,,,RFCFDM020722442 /REF73793215348549943372,*BODEGADEVICTORIA       CUAUHTEMOC,"AV PARQUE ESPA¹A
CUAUHTEMOC",,06140,MEXICO,'AT253500004000010497364'
14 Dec 2025,15 Dec 2025,BILLPOCKET*KOYI SUSHI 5 MERIDA,440.00,,,RFCPLA120807BK0 /REF6206466,BILLPOCKET*KOYI SUSHI 5 MERIDA,"14 NUM. 255 COL. VISTA ALEGRE
MERIDA",,97130,MEXICO,'AT253490004000010223624'
14 Dec 2025,14 Dec 2025,RAPPI*RAPPI MEXICO      MEXICO CITY,20.00,,,RFCTRA150604TW1 /REFb7a6ac87-c55a-4be9-a,RAPPI*RAPPI MEXICO      MEXICO CITY,"BOULEVARD MIGUEL CERVANTES SAAVEDRA
57B GRANADA
MIGUEL HIDALGO
MEXICO",,11529,MEXICO,'AT253480004000010314012'
14 Dec 2025,14 Dec 2025,RAPPI*RAPPI MEXICO      MEXICO CITY,790.80,,,RFCTRA150604TW1 /REF8896240f-585e-4dc9-a,RAPPI*RAPPI MEXICO      MEXICO CITY,"BOULEVARD MIGUEL CERVANTES SAAVEDRA
57B GRANADA
MIGUEL HIDALGO
MEXICO",,11529,MEXICO,'AT253480004000010314062'
13 Dec 2025,14 Dec 2025,AMAZON MX MARKETPLACE*A MEXICO CITY,288.99,,,RFCANE140618P37 /REF2MinZ9ppfiw4o4SilpAL,AMAZON MX MARKETPLACE*A MEXICO CITY,"MANUEL AVILA CAMACHO 36
LOMAS DE CHAPULTEPEC I SECCION
MIGUEL HIDALGO
MEXICO",,11000,MEXICO,'AT253480004000010313362'
13 Dec 2025,16 Dec 2025,AMAZON MX MARKETPLACE*A MEXICO CITY,565.00,,,RFCANE140618P37 /REF2uAmUQwzC1dYJuxWrY0d,AMAZON MX MARKETPLACE*A MEXICO CITY,"MANUEL AVILA CAMACHO 36
LOMAS DE CHAPULTEPEC I SECCION
MIGUEL HIDALGO
MEXICO",,11000,MEXICO,'AT253500004000010504596'
13 Dec 2025,15 Dec 2025,AMAZON MX MARKETPLACE*A MEXICO CITY,1503.50,,,RFCANE140618P37 /REF3Q4Qvsstg3x1qT6wk8Hw,AMAZON MX MARKETPLACE*A MEXICO CITY,"MANUEL AVILA CAMACHO 36
LOMAS DE CHAPULTEPEC I SECCION
MIGUEL HIDALGO
MEXICO",,11000,MEXICO,'AT253490004000010228571'
13 Dec 2025,14 Dec 2025,AMAZON MX*AMAZON RETAIL MEXICO CITY,820.00,,,RFCANE140618P37 /REF2GCYavzAYXfiQlnmymrH,AMAZON MX*AMAZON RETAIL MEXICO CITY,"MANUEL AVILA CAMACHO 36
LOMAS DE CHAPULTEPEC I SECCION
MIGUEL HIDALGO
MEXICO",,11000,MEXICO,'AT253480004000010327497'
13 Dec 2025,14 Dec 2025,ARDENTE AMSTERDAM       MEXICO,1288.00,,,RFCETG090319KL3 /REF000404,ARDENTE AMSTERDAM       MEXICO,"LAREDO 13 PB
HIPODROMO CONDESA
CUAUHTEMOC
MEXICO",,06100,MEXICO,'AT253480004000010322803'
13 Dec 2025,14 Dec 2025,FELIXES FELICES AV MEXI MEXICO,713.00,,,RFCFFE150814I57 /REF003684,FELIXES FELICES AV MEXI MEXICO,"AV MEXICO 99 LOC A
HIPODROMO
CUAUHTEMOC
MEXICO",,06100,MEXICO,'AT253480004000010322922'
13 Dec 2025,14 Dec 2025,REST SUCURSAL ALFIL     CUAUHTEMOC,2121.75,,,RFCBLI120726UF6 /REF2VAJNWUKXD0M,REST SUCURSAL ALFIL     CUAUHTEMOC,"AVENIDA SONORA 57
CUAUHTEMOC",,06700,MEXICO,'AT253480004000010329456'
13 Dec 2025,14 Dec 2025,THE REST IS HISTORY     HAYWARDS HEATH,149.07,6.00 GBP,,,THE REST IS HISTORY     HAYWARDS HEATH,"""21 PERRYMOUNT ROAD, 3RD FLOOR""
HAYWARDS HEATH",,RH16,UNITED KINGDOM,'AT253480004000010325029'
12 Dec 2025,12 Dec 2025,RAPPI*RAPPI MEXICO      MEXICO CITY,30.00,,,RFCTRA150604TW1 /REF410f9abc-db0c-4427-a,RAPPI*RAPPI MEXICO      MEXICO CITY,"BOULEVARD MIGUEL CERVANTES SAAVEDRA
57B GRANADA
MIGUEL HIDALGO
MEXICO",,11529,MEXICO,'AT253460004000010366161'
12 Dec 2025,12 Dec 2025,RAPPI*RAPPI MEXICO      MEXICO CITY,286.70,,,RFCTRA150604TW1 /REF3631ea71-8e07-4f94-b,RAPPI*RAPPI MEXICO      MEXICO CITY,"BOULEVARD MIGUEL CERVANTES SAAVEDRA
57B GRANADA
MIGUEL HIDALGO
MEXICO",,11529,MEXICO,'AT253460004000010366483'
12 Dec 2025,12 Dec 2025,REST LARDO              CIUDAD DE MEX,135.00,,,RFCBMI9312038R3 /REF000000000016,REST LARDO              CIUDAD DE MEX,"MAZATLAN NO 5
CONDESA
CIUDAD DE MEXICO CDMX
CIUDAD DE MEXICO CDMX",,06140,MEXICO,'AT253460004000010361031'
12 Dec 2025,12 Dec 2025,REST LARDO              CIUDAD DE MEX,475.00,,,RFCBMI9312038R3 /REF000000000013,REST LARDO              CIUDAD DE MEX,"MAZATLAN NO 5
CONDESA
CIUDAD DE MEXICO CDMX
CIUDAD DE MEXICO CDMX",,06140,MEXICO,'AT253460004000010360962'
12 Dec 2025,13 Dec 2025,RESTAURAT CAMOMILA      CIUDAD DE MEX,392.70,,,RFCBBA830831LJ2 /REF0BBJRWJ7R96F,RESTAURAT CAMOMILA      CIUDAD DE MEX,"C MERIDA 122
ROMA NORTE
DF
CIUDAD DE MEXICO CDMX",,06700,MEXICO,'AT253470004000010352072'
11 Dec 2025,12 Dec 2025,CHORIPA                 CIUDAD DE MEX,761.20,,,RFCBBA830831LJ2 /REFHCEUM3QGMZOG,CHORIPA                 CIUDAD DE MEX,"C ZACATECAS 143
ROMA NORTE
DF
CIUDAD DE MEXICO CDMX",,06700,MEXICO,'AT253460004000010359630'
11 Dec 2025,11 Dec 2025,MERCADOPAGO*FLORESESPAN Coyoac?n,80.00,,,RFCMAG2105031W3 /REF137438879390,MERCADOPAGO*FLORESESPAN Coyoac?n,"CALLE R 42
COYOACAN",,04800,MEXICO,'AT253450004000010361099'
10 Dec 2025,11 Dec 2025,GONZALITOS TAQUERIA S   CIUDAD DE MEX,372.90,,,RFCBBA830831LJ2 /REFVIYNFI2ZKX1C,GONZALITOS TAQUERIA S   CIUDAD DE MEX,"C COLIMA 76 DPTO LOCAL 76
ROMA NORTE
DF
CIUDAD DE MEXICO CDMX",,06700,MEXICO,'AT253450004000010363670'
10 Dec 2025,11 Dec 2025,SIE*PLAYSTATIONNETWO    877-971-7669,260.11,13.91 USD,,,SIE*PLAYSTATIONNETWO    877-971-7669,"10TH FLOOR
6080 CENTER DR
LOS ANGELES
CA",,90045,UNITED STATES,'AT253450004000010362229'
10 Dec 2025,10 Dec 2025,TELEFONOS DE MEXICO SAB CIUDAD DE MEXIC,1114.00,,,RFCTME840315KT6 /REF101342728217,TELEFONOS DE MEXICO SAB CIUDAD DE MEXIC,"PARQUE VIA 198 PISO 11
CUAUHTEMOC
CUAUHTEMOC
MEXICO",,06599,MEXICO,'AT253440004000010348853'
10 Dec 2025,11 Dec 2025,ZTL*RIMESSA VINOS       CIUDAD DE MÉXIC,845.00,,,RFCOPM150323DI1 /REF067009005423,ZTL*RIMESSA VINOS       CIUDAD DE MÉXIC,"AMSTERDAM HIPODROMO
CIUDAD DE MEXICO",,06170,MEXICO,'AT253450004000010368549'
09 Dec 2025,10 Dec 2025,AMAZON MX*AMAZON RETAIL MEXICO CITY,887.71,,,RFCANE140618P37 /REF3CnGyjJfEbcJvfpCaXoj,AMAZON MX*AMAZON RETAIL MEXICO CITY,"MANUEL AVILA CAMACHO 36
LOMAS DE CHAPULTEPEC I SECCION
MIGUEL HIDALGO
MEXICO",,11000,MEXICO,'AT253440004000010357633'
09 Dec 2025,09 Dec 2025,FS *PUT.IO              877-327-8914,186.66,9.99 USD,,,FS *PUT.IO              877-327-8914,"801 GARDEN ST. #201
SANTA BARBARA
CA",,93101,UNITED STATES,'AT253430004000010347830'
09 Dec 2025,10 Dec 2025,TAQ LA OCHENTA Y NUEVE  CIUDAD DE MEX,379.50,,,RFCBBA830831LJ2 /REFHCEUM3QGMZOG,TAQ LA OCHENTA Y NUEVE  CIUDAD DE MEX,"C COLIMA 134
ROMA NORTE
DF
CIUDAD DE MEXICO CDMX",,06700,MEXICO,'AT253440004000010360761'
09 Dec 2025,10 Dec 2025,TDI BROADWAY.COM        212-541-8457,4021.28,215.04 USD,,,TDI BROADWAY.COM        212-541-8457,"FLOOR 7
729 7TH AVE
NEW YORK
NY",,10019-6946,UNITED STATES,'AT253440004000010343839'
08 Dec 2025,09 Dec 2025,LE PAIN QUOTIDIEN ROMA  MEXICO,325.60,,,RFCOLP080326HW2 /REF000319,LE PAIN QUOTIDIEN ROMA  MEXICO,"MONTERREY 104
ROMA
CUAUHTEMOC
MEXICO",,06700,MEXICO,'AT253430004000010354382'
08 Dec 2025,09 Dec 2025,UBER TRIP               HTTPS://HELP.UB,122.78,,,,UBER TRIP               HTTPS://HELP.UB,"MR. TREUBLAAN 7
AMSTERDAM",,1097 DP,NETHERLANDS,'AT253430004000010351592'
08 Dec 2025,09 Dec 2025,UBER TRIP               HTTPS://HELP.UB,194.73,,,,UBER TRIP               HTTPS://HELP.UB,"MR. TREUBLAAN 7
AMSTERDAM",,1097 DP,NETHERLANDS,'AT253430004000010351602'
07 Dec 2025,07 Dec 2025,UBER TRIP               HTTPS://HELP.UB,170.42,,,,UBER TRIP               HTTPS://HELP.UB,"MR. TREUBLAAN 7
AMSTERDAM",,1097 DP,NETHERLANDS,'AT253410004000010300628'
07 Dec 2025,07 Dec 2025,VIAGOGO                 GENEVE,4695.77,251.42 USD,,,VIAGOGO                 GENEVE,"RUE DU COMMERCE 4
C/O GENEVA RHONE
GENEVA",,1204,SWITZERLAND,'AT253410004000010310653'
07 Dec 2025,07 Dec 2025,WHITEPAPER.MX           SAN PEDRO GARZA,189.00,,,RFCSPM1410037E8 /REFCH_3SBNH0L5II4PBUG50,WHITEPAPER.MX           SAN PEDRO GARZA,"AV. MANUEL GOMEZ MORIN
SAN PEDRO GARZA GARCIA",,66297,MEXICO,'AT253410004000010299427'
06 Dec 2025,07 Dec 2025,ESTETICA MOC            CIUDAD DE MEX,600.00,,,RFCBBA830831LJ2 /REFVLH5ZPHTF65W,ESTETICA MOC            CIUDAD DE MEX,"AV AMSTERDAM LOC C 26
HIPODROMO
DF
CIUDAD DE MEXICO CDMX",,06100,MEXICO,'AT253410004000010307244'
06 Dec 2025,06 Dec 2025,MERCADOPAGO*FIAMBRE     Alvaro Obreg?,396.00,,,RFCMAG2105031W3 /REF136802957212,MERCADOPAGO*FIAMBRE     Alvaro Obreg?,"CAMINO DESIERTO DE LOS LEONES 4780
ALVARO OBREGON",,01780,MEXICO,'AT253400004000010360958'
06 Dec 2025,06 Dec 2025,RAPPI*RAPPI MEXICO      MEXICO CITY,20.00,,,RFCTRA150604TW1 /REFd1a3dc34-befa-45ee-8,RAPPI*RAPPI MEXICO      MEXICO CITY,"BOULEVARD MIGUEL CERVANTES SAAVEDRA
57B GRANADA
MIGUEL HIDALGO
MEXICO",,11529,MEXICO,'AT253400004000010344967'
06 Dec 2025,06 Dec 2025,RAPPI*RAPPI MEXICO      MEXICO CITY,637.70,,,RFCTRA150604TW1 /REF8ec33506-596f-4d6d-b,RAPPI*RAPPI MEXICO      MEXICO CITY,"BOULEVARD MIGUEL CERVANTES SAAVEDRA
57B GRANADA
MIGUEL HIDALGO
MEXICO",,11529,MEXICO,'AT253400004000010344964'
06 Dec 2025,07 Dec 2025,RAPSODIA CONDESA RAPSOD CIUDAD DE MEXIC,5599.20,,,RFCMRA061023142 /REFezwbsj,RAPSODIA CONDESA RAPSOD CIUDAD DE MEXIC,"TAMAULIPAS 88
CONDESA
CUAUHTEMOC
MEXICO",,06100,MEXICO,'AT253410004000010320523'
06 Dec 2025,06 Dec 2025,ROJO BISTROT            CIUDAD DE MEX,2120.00,,,RFCBMN930209927 /REF821443855401,ROJO BISTROT            CIUDAD DE MEX,"CA AMSTERDAM NO 71 C
CONDESA
CIUDAD DE MEXICO CDMX",,06100,MEXICO,'AT253400004000010364436'
06 Dec 2025,06 Dec 2025,TIENDAS CONVERSE CONVER CIUDAD DE MEXIC,1249.00,,,RFCCDO0402126Z1 /REF403716320,TIENDAS CONVERSE CONVER CIUDAD DE MEXIC,"VICENTE SUAREZ 26 LOC 2
CONDESA
CUAUHTEMOC
MEXICO",,06100,MEXICO,'AT253400004000010335772'
06 Dec 2025,06 Dec 2025,TRAVELOCITY*7332070031  TVLY.COM,64428.62,"3,449.62 USD",,,TRAVELOCITY*7332070031  TVLY.COM,"1111 EXPEDIA GROUP WAY W.
SEATTLE
WA",,98119,UNITED STATES,'AT253400004000010364607'
06 Dec 2025,06 Dec 2025,UBER ONE MEMBERSHIP     HTTPS://HELP.UB,70.00,,,REFDWVGRYC9,UBER ONE MEMBERSHIP     HTTPS://HELP.UB,"MR. TREUBLAAN 7
AMSTERDAM",,1097 DP,NETHERLANDS,'AT253400004000010358129'
06 Dec 2025,07 Dec 2025,UNITED AIRLINES         HOUSTON,21479.32,"1,150.04 USD",,,UNITED AIRLINES         HOUSTON,"HSCAC - 12TH FLOOR
609 MAIN STREET
HOUSTON
TX",,77002,UNITED STATES,'AT253410004000010303869'
06 Dec 2025,07 Dec 2025,UNITED AIRLINES         HOUSTON,21479.32,"1,150.04 USD",,,UNITED AIRLINES         HOUSTON,"HSCAC - 12TH FLOOR
609 MAIN STREET
HOUSTON
TX",,77002,UNITED STATES,'AT253410004000010303868'
06 Dec 2025,06 Dec 2025,VIVAAEROBUS VIVAAEROBUS MEXICO,10568.16,,,RFCANA050518RL1 /REFNISTYK__149773980,VIVAAEROBUS VIVAAEROBUS MEXICO,"CARRETERA MIGUEL ALEMAN KM  24 SN
APODACA CENTRO
APODACA
APODACA",,66600,MEXICO,'AT253400004000010335498'
05 Dec 2025,05 Dec 2025,RAPPI*RAPPI MEXICO      MEXICO CITY,20.00,,,RFCTRA150604TW1 /REF73053012-687b-4aff-b,RAPPI*RAPPI MEXICO      MEXICO CITY,"BOULEVARD MIGUEL CERVANTES SAAVEDRA
57B GRANADA
MIGUEL HIDALGO
MEXICO",,11529,MEXICO,'AT253390004000010346997'
05 Dec 2025,05 Dec 2025,RAPPI*RAPPI MEXICO      MEXICO CITY,387.70,,,RFCTRA150604TW1 /REF014ddb39-46fe-4168-9,RAPPI*RAPPI MEXICO      MEXICO CITY,"BOULEVARD MIGUEL CERVANTES SAAVEDRA
57B GRANADA
MIGUEL HIDALGO
MEXICO",,11529,MEXICO,'AT253390004000010346759'
05 Dec 2025,06 Dec 2025,VIVAAEROBUS VIVAAEROBUS MEXICO,7171.74,,,RFCANA050518RL1 /REFK9NL7F__149732485,VIVAAEROBUS VIVAAEROBUS MEXICO,"CARRETERA MIGUEL ALEMAN KM  24 SN
APODACA CENTRO
APODACA
APODACA",,66600,MEXICO,'AT253400004000010363105'
05 Dec 2025,06 Dec 2025,VIVAAEROBUS VIVAAEROBUS MEXICO,8314.58,,,RFCANA050518RL1 /REFPYYLVV__149732182,VIVAAEROBUS VIVAAEROBUS MEXICO,"CARRETERA MIGUEL ALEMAN KM  24 SN
APODACA CENTRO
APODACA
APODACA",,66600,MEXICO,'AT253400004000010363080'
04 Dec 2025,04 Dec 2025,ALMANEGRA CAFE          CIUDAD DE MEX,44.00,,,RFCBMN930209927 /REF731541202780,ALMANEGRA CAFE          CIUDAD DE MEX,"CA ZACATECAS NO 180 E2
HIPODROMO
CIUDAD DE MEXICO CDMX",,06100,MEXICO,'AT253380004000010343083'
04 Dec 2025,05 Dec 2025,BOUT DH EXPRESS         CUAUHTEMOC,1400.00,,,RFCBLI120726UF6 /REFA1IZBEEFAKVO,BOUT DH EXPRESS         CUAUHTEMOC,"AVENIDA ALVARO OBREGON 250
CUAUHTEMOC",,06700,MEXICO,'AT253390004000010359142'
04 Dec 2025,05 Dec 2025,BOUT DH EXPRESS         CUAUHTEMOC,1450.00,,,RFCBLI120726UF6 /REFXI40S4PWRGDG,BOUT DH EXPRESS         CUAUHTEMOC,"AVENIDA ALVARO OBREGON 250
CUAUHTEMOC",,06700,MEXICO,'AT253390004000010359145'
04 Dec 2025,08 Dec 2025,CGO AUT TELCEL REGION 8 MERIDA,303.14,,,RFCRDI841003QJ4,CGO AUT TELCEL REGION 8 MERIDA,"CALLE 31 N-92 POR 20 Y 18 A
MEXICO
MERIDA",,97128,MEXICO,'AT253420004000010395490'
04 Dec 2025,05 Dec 2025,OPENAI *CHATGPT SUBSCR  SAN FRANCISCO,3744.29,200.00 USD,,,OPENAI *CHATGPT SUBSCR  SAN FRANCISCO,"1455 3RD ST
SAN FRANCISCO
CA",,94158,UNITED STATES,'AT253390004000010371128'
03 Dec 2025,03 Dec 2025,AMAZON MX*PRIME VIDEO C MEXICO CITY,129.00,,,RFCANE140618P37 /REF1h6rsQYBF1BQzyKA36DN,AMAZON MX*PRIME VIDEO C MEXICO CITY,"MANUEL AVILA CAMACHO 36
LOMAS DE CHAPULTEPEC I SECCION
MIGUEL HIDALGO
MEXICO",,11000,MEXICO,'AT253360004000010375411'
03 Dec 2025,03 Dec 2025,APPLE.COM/BILL          CUPERTINO,239.00,,,,APPLE.COM/BILL          CUPERTINO,"ONE APPLE PARKY WAY
CUPERTINO",,95014,UNITED STATES,'AT253370004000010359584'
03 Dec 2025,04 Dec 2025,GONZALITOS TAQUERIA S   CIUDAD DE MEX,39.00,,,RFCBBA830831LJ2 /REFCCJPWSLQZ0OO,GONZALITOS TAQUERIA S   CIUDAD DE MEX,"C COLIMA 76 DPTO LOCAL 76
ROMA NORTE
DF
CIUDAD DE MEXICO CDMX",,06700,MEXICO,'AT253380004000010343405'
03 Dec 2025,04 Dec 2025,GONZALITOS TAQUERIA S   CIUDAD DE MEX,324.50,,,RFCBBA830831LJ2 /REFPRZT0YJP7YXN,GONZALITOS TAQUERIA S   CIUDAD DE MEX,"C COLIMA 76 DPTO LOCAL 76
ROMA NORTE
DF
CIUDAD DE MEXICO CDMX",,06700,MEXICO,'AT253380004000010343404'
03 Dec 2025,09 Dec 2025,TUS PILATES             CIUDAD DE MEX,250.00,,,RFCBBA830831LJ2 /REF001WSQZMMVAU,TUS PILATES             CIUDAD DE MEX,"C GUADALAJARA INT PLAN 93
CUAUHTEMOC
DF
CIUDAD DE MEXICO CDMX",,06500,MEXICO,'AT253430004000010360466'
02 Dec 2025,02 Dec 2025,AMAZON MX*AMAZON RETAIL MEXICO CITY,1779.78,,,RFCANE140618P37 /REF1LT5Es0JPj8l3pvoQetL,AMAZON MX*AMAZON RETAIL MEXICO CITY,"MANUEL AVILA CAMACHO 36
LOMAS DE CHAPULTEPEC I SECCION
MIGUEL HIDALGO
MEXICO",,11000,MEXICO,'AT253360004000010373123'
02 Dec 2025,02 Dec 2025,APPLE.COM/BILL          CUPERTINO,199.00,,,,APPLE.COM/BILL          CUPERTINO,"ONE APPLE PARKY WAY
CUPERTINO",,95014,UNITED STATES,'AT253360004000010372088'
02 Dec 2025,03 Dec 2025,PORCO ROSSO BBQ ROMA PO CUAUHTEMOC,495.00,,,RFCPRB150319NA0 /REF004021225140122,PORCO ROSSO BBQ ROMA PO CUAUHTEMOC,"ZACATECAS 102
ROMA NORTE
CUAUHTEMOC
CUAUHTEMOC",,06700,MEXICO,'AT253370004000010344671'
02 Dec 2025,03 Dec 2025,SP MARIEMUR             SHERIDAN,378.32,20.14 USD,,,SP MARIEMUR             SHERIDAN,"30 N GOULD ST. STE R
SHERIDAN
WY",,82801,UNITED STATES,'AT253370004000010368080'
02 Dec 2025,03 Dec 2025,SP MARIEMUR             SHERIDAN,7245.88,385.73 USD,,,SP MARIEMUR             SHERIDAN,"30 N GOULD ST. STE R
SHERIDAN
WY",,82801,UNITED STATES,'AT253370004000010368081'
02 Dec 2025,03 Dec 2025,X CORP. PAID FEATURES   BASTROP,150.28,8.00 USD,,,X CORP. PAID FEATURES   BASTROP,"SUITE 900
1355 MARKET ST
SAN FRANCISCO
CA",,94103,UNITED STATES,'AT253370004000010339963'
01 Dec 2025,01 Dec 2025,AMAZON MX MARKETPLACE*A MEXICO CITY,274.69,,,RFCANE140618P37 /REF4bFnwF653qT3jcw6IUQq,AMAZON MX MARKETPLACE*A MEXICO CITY,"MANUEL AVILA CAMACHO 36
LOMAS DE CHAPULTEPEC I SECCION
MIGUEL HIDALGO
MEXICO",,11000,MEXICO,'AT253340004000010354851'
01 Dec 2025,01 Dec 2025,AMAZON MX MARKETPLACE*A MEXICO CITY,282.48,,,RFCANE140618P37 /REF2DeSKSFydCF9NDziVX9G,AMAZON MX MARKETPLACE*A MEXICO CITY,"MANUEL AVILA CAMACHO 36
LOMAS DE CHAPULTEPEC I SECCION
MIGUEL HIDALGO
MEXICO",,11000,MEXICO,'AT253340004000010354692'
01 Dec 2025,01 Dec 2025,AMAZON MX MARKETPLACE*A MEXICO CITY,700.50,,,RFCANE140618P37 /REFwMdol3Q8b55yzCxcbNjt,AMAZON MX MARKETPLACE*A MEXICO CITY,"MANUEL AVILA CAMACHO 36
LOMAS DE CHAPULTEPEC I SECCION
MIGUEL HIDALGO
MEXICO",,11000,MEXICO,'AT253350004000010407851'
01 Dec 2025,01 Dec 2025,AMAZON MX*AMAZON RETAIL MEXICO CITY,358.55,,,RFCANE140618P37 /REF2UG0xZDtHLt4qHqPR8II,AMAZON MX*AMAZON RETAIL MEXICO CITY,"MANUEL AVILA CAMACHO 36
LOMAS DE CHAPULTEPEC I SECCION
MIGUEL HIDALGO
MEXICO",,11000,MEXICO,'AT253350004000010395518'
01 Dec 2025,02 Dec 2025,BOUT DH EXPRESS         CUAUHTEMOC,400.00,,,RFCBLI120726UF6 /REFSFFLXW1WB0QW,BOUT DH EXPRESS         CUAUHTEMOC,"AVENIDA ALVARO OBREGON 250
CUAUHTEMOC",,06700,MEXICO,'AT253360004000010357147'
01 Dec 2025,01 Dec 2025,PAYU-GOOGLE CLOUD 10166 CIUDAD DE MEXIC,194.88,,,RFCOLA1012082G0 /REF4245147784,PAYU-GOOGLE CLOUD 10166 CIUDAD DE MEXIC,"MONTES URALES 445 PISO 5
LOMAS DE CHAPULTEPEC I SECCION
MIGUEL HIDALGO
MEXICO",,11000,MEXICO,'AT253350004000010396958'
01 Dec 2025,02 Dec 2025,RESTAURAT CAMOMILA      CIUDAD DE MEX,198.00,,,RFCBBA830831LJ2 /REFCF5NL7TC1LUV,RESTAURAT CAMOMILA      CIUDAD DE MEX,"C MERIDA 122
ROMA NORTE
DF
CIUDAD DE MEXICO CDMX",,06700,MEXICO,'AT253360004000010367877'
01 Dec 2025,02 Dec 2025,STARLINK                CIUDAD DE MEXIC,1305.00,,,RFCDME180122DU4 /REFO160XYVBNM0T,STARLINK                CIUDAD DE MEXIC,"AVENIDA INSURGENTES SUR 540
CIUDAD DE MEXIC",,06760,MEXICO,'AT253360004000010378034'
30 Nov 2025,30 Nov 2025,ABTS SABIO ORGANICOS 00 CIUDAD DE MEX,1651.00,,,RFCEMS0912039N7,ABTS SABIO ORGANICOS 00 CIUDAD DE MEX,"AYUNTAMIENTO B 34
DEL CARMEN
CIUDAD DE MEXICO CDMX",,04100,MEXICO,'AT253340004000010354424'
30 Nov 2025,01 Dec 2025,ALMAQUIETA              CIUDAD DE MEX,143.00,,,RFCBBA830831LJ2 /REFCCJPWSLQZ0OO,ALMAQUIETA              CIUDAD DE MEX,"C ALFREDO CHAVERO 61
OBRERA
DF
CIUDAD DE MEXICO CDMX",,06800,MEXICO,'AT253350004000010411848'
30 Nov 2025,30 Nov 2025,"GITHUB, INC.            SAN FRANCISCO",263.23,14.00 USD,,,"GITHUB, INC.            SAN FRANCISCO","275 BRANNAN STREET
SAN FRANCISCO
CA",,94107,UNITED STATES,'AT253340004000010352370'
30 Nov 2025,30 Nov 2025,GRACIAS POR SU PAGO EN LINEA,-49900.00,,,,GRACIAS POR SU PAGO EN LINEA,,,,,'S0002533421257706268100'
30 Nov 2025,30 Nov 2025,GRACIAS POR SU PAGO EN LINEA,-49800.00,,,,GRACIAS POR SU PAGO EN LINEA,,,,,'S0002533421227703268100'
30 Nov 2025,30 Nov 2025,GRACIAS POR SU PAGO EN LINEA,-49700.00,,,,GRACIAS POR SU PAGO EN LINEA,,,,,'S0002533421227704168100'
30 Nov 2025,30 Nov 2025,GRACIAS POR SU PAGO EN LINEA,-49600.00,,,,GRACIAS POR SU PAGO EN LINEA,,,,,'S0002533421277707868100'
30 Nov 2025,30 Nov 2025,GRACIAS POR SU PAGO EN LINEA,-49500.00,,,,GRACIAS POR SU PAGO EN LINEA,,,,,'S0002533421237704668100'
30 Nov 2025,30 Nov 2025,GRACIAS POR SU PAGO EN LINEA,-49400.00,,,,GRACIAS POR SU PAGO EN LINEA,,,,,'S0002533421227703568100'
30 Nov 2025,30 Nov 2025,GRACIAS POR SU PAGO EN LINEA,-49300.00,,,,GRACIAS POR SU PAGO EN LINEA,,,,,'S0002533421247706068100'
30 Nov 2025,30 Nov 2025,GRACIAS POR SU PAGO EN LINEA,-24780.21,,,,GRACIAS POR SU PAGO EN LINEA,,,,,'S0002533421227702968100'
30 Nov 2025,01 Dec 2025,PETCO CONDESA II        CUAUHTEMOC,1097.00,,,RFCMAS121116E51 /REF001166,PETCO CONDESA II        CUAUHTEMOC,"HUICHAPAN 2
HIPODROMO DE LA CONDESA
CUAUHTEMOC
CUAUHTEMOC",,06170,MEXICO,'AT253350004000010417458'
30 Nov 2025,01 Dec 2025,REST PAST FICELLE       CIUDAD DE MEX,552.00,,,RFCBBA830831LJ2 /REF60L0UT11IWTE,REST PAST FICELLE       CIUDAD DE MEX,"C TAMAULIPAS 39
CONDESA
DF
CIUDAD DE MEXICO CDMX",,06140,MEXICO,'AT253350004000010411998'
29 Nov 2025,29 Nov 2025,AMAZON MX*AMAZON RETAIL MEXICO CITY,484.00,,,RFCANE140618P37 /REF1dTZf13qMO6z5RYTnJFP,AMAZON MX*AMAZON RETAIL MEXICO CITY,"MANUEL AVILA CAMACHO 36
LOMAS DE CHAPULTEPEC I SECCION
MIGUEL HIDALGO
MEXICO",,11000,MEXICO,'AT253330004000010372406'
29 Nov 2025,29 Nov 2025,RAPPI*RAPPI MEXICO      MEXICO CITY,1608.80,,,RFCTRA150604TW1 /REF272ef7c1-79b8-4cf5-a,RAPPI*RAPPI MEXICO      MEXICO CITY,"BOULEVARD MIGUEL CERVANTES SAAVEDRA
57B GRANADA
MIGUEL HIDALGO
MEXICO",,11529,MEXICO,'AT253330004000010371452'
29 Nov 2025,29 Nov 2025,UBER TRIP               HTTPS://HELP.UB,135.40,,,,UBER TRIP               HTTPS://HELP.UB,"MR. TREUBLAAN 7
AMSTERDAM",,1097 DP,NETHERLANDS,'AT253330004000010380168'
29 Nov 2025,29 Nov 2025,UBER TRIP               HTTPS://HELP.UB,454.63,,,,UBER TRIP               HTTPS://HELP.UB,"MR. TREUBLAAN 7
AMSTERDAM",,1097 DP,NETHERLANDS,'AT253330004000010376976'
28 Nov 2025,29 Nov 2025,BAR CANA 000243683      CIUDAD DE MEX,6992.00,,,RFCEMS0912039N7,BAR CANA 000243683      CIUDAD DE MEX,"LIVERPOOL LOC 4 5 6 9
JUAREZ
CIUDAD DE MEXICO CDMX",,06600,MEXICO,'AT253330004000010367304'
28 Nov 2025,29 Nov 2025,CHORIPA                 CIUDAD DE MEX,749.10,,,RFCBBA830831LJ2 /REFHCEUM3QGMZOG,CHORIPA                 CIUDAD DE MEX,"C ZACATECAS 143
ROMA NORTE
DF
CIUDAD DE MEXICO CDMX",,06700,MEXICO,'AT253330004000010363193'
28 Nov 2025,29 Nov 2025,LIGA PAGO APP AGENTES   CIUDAD DE MEXIC,6971.91,,,RFCGNP9211244P0,LIGA PAGO APP AGENTES   CIUDAD DE MEXIC,"AV CERRO DE LAS TORRES 395
CAMPESTRE CHURUBUSCO
COYOACAN
MEXICO",,04200,MEXICO,'AT253330004000010381405'
28 Nov 2025,29 Nov 2025,LIGA PAGO APP AGENTES   CIUDAD DE MEXIC,27702.49,,,RFCGNP9211244P0,LIGA PAGO APP AGENTES   CIUDAD DE MEXIC,"AV CERRO DE LAS TORRES 395
CAMPESTRE CHURUBUSCO
COYOACAN
MEXICO",,04200,MEXICO,'AT253330004000010381406'
28 Nov 2025,29 Nov 2025,QUEVEDO OPTICA 2        MEXICO,16050.00,,,RFCOCO210917D13 /REF000784,QUEVEDO OPTICA 2        MEXICO,"LONDRES 28
JUAREZ
CUAUHTEMOC
MEXICO",,06600,MEXICO,'AT253330004000010354862'
28 Nov 2025,29 Nov 2025,REST SUCURSAL ALFIL     CUAUHTEMOC,1362.75,,,RFCBLI120726UF6 /REFNVFMELFBBLPX,REST SUCURSAL ALFIL     CUAUHTEMOC,"AVENIDA SONORA 57
CUAUHTEMOC",,06700,MEXICO,'AT253330004000010385243'
27 Nov 2025,27 Nov 2025,ANKR PBC                SAN FRANCISCO,4756.41,,,,ANKR PBC                SAN FRANCISCO,"354 OYSTER POINT BLVD
SOUTH SAN FRANCISCO",,94080,UNITED STATES,'AT253310004000010318216'
27 Nov 2025,28 Nov 2025,ATARANTADOS             CIUDAD DE MEX,360.25,,,RFCBBA830831LJ2 /REFINZVZMSHFZ7Z,ATARANTADOS             CIUDAD DE MEX,"C CORDOBA 113 L2
ROMA NORTE
DF
CIUDAD DE MEXICO CDMX",,06700,MEXICO,'AT253320004000010355263'
27 Nov 2025,27 Nov 2025,AUDIBLE*B218X6RM1       AMZN.COM/BILL,281.68,14.95 USD,,,AUDIBLE*B218X6RM1       AMZN.COM/BILL,"1 WASHINGTON PARK
NEWARK
NJ",,07102-3122,UNITED STATES,'AT253310004000010319384'
27 Nov 2025,29 Nov 2025,GOOGLE *GOOGLE ONE      G.CO/HELPPAY#,395.00,,,,GOOGLE *GOOGLE ONE      G.CO/HELPPAY#,"1600 AMPHITHEATRE PARKWAY
MOUNTAIN VIEW",,94043,UNITED STATES,'AT253330004000010357556'
26 Nov 2025,27 Nov 2025,AMAZON MX MARKETPLACE*A MEXICO CITY,518.37,,,RFCANE140618P37 /REF33X7yelB3SpXY5xAZ61y,AMAZON MX MARKETPLACE*A MEXICO CITY,"MANUEL AVILA CAMACHO 36
LOMAS DE CHAPULTEPEC I SECCION
MIGUEL HIDALGO
MEXICO",,11000,MEXICO,'AT253310004000010325938'
26 Nov 2025,26 Nov 2025,AMAZON MX*AD FREE FOR P MEXICO CITY,50.00,,,RFCANE140618P37 /REF3npBhEmKzsjbJfq3FFqi,AMAZON MX*AD FREE FOR P MEXICO CITY,"MANUEL AVILA CAMACHO 36
LOMAS DE CHAPULTEPEC I SECCION
MIGUEL HIDALGO
MEXICO",,11000,MEXICO,'AT253290004000010324946'
26 Nov 2025,27 Nov 2025,BOUT DH EXPRESS         CUAUHTEMOC,1250.00,,,RFCBLI120726UF6 /REFYULJHED2YAQW,BOUT DH EXPRESS         CUAUHTEMOC,"AVENIDA ALVARO OBREGON 250
CUAUHTEMOC",,06700,MEXICO,'AT253310004000010329463'
26 Nov 2025,27 Nov 2025,GONZALITOS TAQUERIA S   CIUDAD DE MEX,354.20,,,RFCBBA830831LJ2 /REFBJO2ISMAO0WR,GONZALITOS TAQUERIA S   CIUDAD DE MEX,"C COLIMA 76 DPTO LOCAL 76
ROMA NORTE
DF
CIUDAD DE MEXICO CDMX",,06700,MEXICO,'AT253310004000010340519'
26 Nov 2025,26 Nov 2025,LAB MEDICO DEL CHOPO MO CIUDAD DE MEXIC,949.00,,,RFCLMC741212JN6 /REF393273832,LAB MEDICO DEL CHOPO MO CIUDAD DE MEXIC,"MONTERREY 104
ROMA SUR
CUAUHTEMOC
MEXICO",,06760,MEXICO,'AT253300004000010351482'
26 Nov 2025,26 Nov 2025,UBER TRIP               HTTPS://HELP.UB,115.10,,,,UBER TRIP               HTTPS://HELP.UB,"MR. TREUBLAAN 7
AMSTERDAM",,1097 DP,NETHERLANDS,'AT253300004000010334484'
25 Nov 2025,26 Nov 2025,AMAZON MX MARKETPLACE*A MEXICO CITY,437.81,,,RFCANE140618P37 /REFuF59nZN2tgRHoRNjkLxy,AMAZON MX MARKETPLACE*A MEXICO CITY,"MANUEL AVILA CAMACHO 36
LOMAS DE CHAPULTEPEC I SECCION
MIGUEL HIDALGO
MEXICO",,11000,MEXICO,'AT253300004000010337181'
25 Nov 2025,26 Nov 2025,AMAZON MX*AMAZON RETAIL MEXICO CITY,365.48,,,RFCANE140618P37 /REF1OEosUsk4xLbzvB45QV3,AMAZON MX*AMAZON RETAIL MEXICO CITY,"MANUEL AVILA CAMACHO 36
LOMAS DE CHAPULTEPEC I SECCION
MIGUEL HIDALGO
MEXICO",,11000,MEXICO,'AT253300004000010337566'
25 Nov 2025,27 Nov 2025,RESTAURAT CAMOMILA      CIUDAD DE MEX,286.00,,,RFCBBA830831LJ2 /REFOYRIOVD2PGSP,RESTAURAT CAMOMILA      CIUDAD DE MEX,"C MERIDA 122
ROMA NORTE
DF
CIUDAD DE MEXICO CDMX",,06700,MEXICO,'AT253310004000010340448'
24 Nov 2025,25 Nov 2025,CASAS DE COMIDA DEGU S  CIUDAD DE MEX,1078.70,,,RFCBBA830831LJ2 /REFFLROYMXUUKKU,CASAS DE COMIDA DEGU S  CIUDAD DE MEX,"C HUICHAPAN 25 1
HIPODROMO
DF
CIUDAD DE MEXICO CDMX",,06100,MEXICO,'AT253290004000010335500'
24 Nov 2025,24 Nov 2025,UBER TRIP               HTTPS://HELP.UB,601.56,,,,UBER TRIP               HTTPS://HELP.UB,"MR. TREUBLAAN 7
AMSTERDAM",,1097 DP,NETHERLANDS,'AT253280004000010376003'
24 Nov 2025,03 Dec 2025,WP100                   CUAUHTEMOC,26520.00,,,RFCWPX231214GV8 /REF033607137,WP100                   CUAUHTEMOC,"PACHUCA 100
CONDESA
CUAUHTEMOC
MEXICO",,06140,MEXICO,'AT253370004000010369003'
23 Nov 2025,23 Nov 2025,AEROMEXICO 8697744      NUEVO PORTAL,8442.84,,,"CARGO 03 DE 12
RFCAME880912I89 /REFHXFNPX",AEROMEXICO 8697744      NUEVO PORTAL,"AV PASEO DE LA REFORMA 243 25
CUAUHTEMOC
CUAUHTEMOC
MEXICO",,06500,MEXICO,'AT252900304000010308683'
23 Nov 2025,23 Nov 2025,APPLE.COM/BILL          CUPERTINO,17.00,,,,APPLE.COM/BILL          CUPERTINO,"ONE APPLE PARKY WAY
CUPERTINO",,95014,UNITED STATES,'AT253270004000010314512'
23 Nov 2025,23 Nov 2025,APPLE.COM/BILL          CUPERTINO,129.00,,,,APPLE.COM/BILL          CUPERTINO,"ONE APPLE PARKY WAY
CUPERTINO",,95014,UNITED STATES,'AT253270004000010314733'
23 Nov 2025,23 Nov 2025,APPLE.COM/BILL          CUPERTINO,257.00,,,,APPLE.COM/BILL          CUPERTINO,"ONE APPLE PARKY WAY
CUPERTINO",,95014,UNITED STATES,'AT253270004000010314797'
23 Nov 2025,23 Nov 2025,APPLE.COM/BILL          CUPERTINO,319.00,,,,APPLE.COM/BILL          CUPERTINO,"ONE APPLE PARKY WAY
CUPERTINO",,95014,UNITED STATES,'AT253270004000010314514'
23 Nov 2025,23 Nov 2025,EL PALACIO DE HIERRO DU MEXICO,3166.56,,,"CARGO 05 DE 09
RFCPHI830429MG6 /REF000000001217",EL PALACIO DE HIERRO DU MEXICO,"DURANGO 230
ROMA
CUAUHTEMOC
MEXICO",,06700,MEXICO,'AT252080504000010325280'
23 Nov 2025,25 Nov 2025,GOOGLE *NEST            G.CO/HELPPAY#,200.00,,,,GOOGLE *NEST            G.CO/HELPPAY#,"1600 AMPHITHEATRE PARKWAY
MOUNTAIN VIEW",,94043,UNITED STATES,'AT253290004000010312004'
23 Nov 2025,24 Nov 2025,GOOGLE *YOUTUBEPREMIUM  G.CO/HELPPAY#,159.00,,,,GOOGLE *YOUTUBEPREMIUM  G.CO/HELPPAY#,"1600 AMPHITHEATRE PARKWAY
MOUNTAIN VIEW",,94043,UNITED STATES,'AT253280004000010381264'
23 Nov 2025,23 Nov 2025,PALACIODEHIERRO DURANGO MEXICO,4263.25,,,"CARGO 06 DE 12
RFCPHI830429MG6 /REF843815",PALACIODEHIERRO DURANGO MEXICO,"DURANGO 230
ROMA
CUAUHTEMOC
MEXICO",,06700,MEXICO,'AT251880604000010316517'
23 Nov 2025,24 Nov 2025,PAYU-GOOGLE CLOUD 10166 CIUDAD DE MEXIC,200.00,,,RFCOLA1012082G0 /REF4228382896,PAYU-GOOGLE CLOUD 10166 CIUDAD DE MEXIC,"MONTES URALES 445 PISO 5
LOMAS DE CHAPULTEPEC I SECCION
MIGUEL HIDALGO
MEXICO",,11000,MEXICO,'AT253280004000010358063'
23 Nov 2025,24 Nov 2025,PAYU-UBER 828987        BUENOSAIRES,648.05,"48.327,00 ARS",,,PAYU-UBER 828987        BUENOSAIRES,"RONDEAU 2664
PISO 6
CIUDAD AUTONOMA BUENOS AIRES",,C1262ABH,ARGENTINA,'AT253280004000010370838'
22 Nov 2025,25 Nov 2025,GUDASA RESTO SA         CAPITAL FEDERAL,1434.40,"107.360,00 ARS",,,GUDASA RESTO SA         CAPITAL FEDERAL,"SARMIENTO                 013340 LOC2
CAPITAL FEDERAL",,00001041,ARGENTINA,'AT253290004000010327168'
22 Nov 2025,23 Nov 2025,PAYU-UBER 828987        BUENOSAIRES,71.61,"5.336,00 ARS",,,PAYU-UBER 828987        BUENOSAIRES,"RONDEAU 2664
PISO 6
CIUDAD AUTONOMA BUENOS AIRES",,C1262ABH,ARGENTINA,'AT253270004000010334778'
21 Nov 2025,25 Nov 2025,RACKET TENIS            CAPITAL FEDERAL,229.79,"17.200,00 ARS",,,RACKET TENIS            CAPITAL FEDERAL,"AVENIDA VALENTIN ALSINA   01450  LOC
CAPITAL FEDERAL",,00001001,ARGENTINA,'AT253290004000010327004'
20 Nov 2025,25 Nov 2025,J W BRADLEY BAR         CAPITAL FEDERAL,800.48,"59.915,00 ARS",,,J W BRADLEY BAR         CAPITAL FEDERAL,"GODOY CRUZ                018750 LOCD
CAPITAL FEDERAL",,00001414,ARGENTINA,'AT253290004000010327113'
18 Nov 2025,22 Dec 2025,PAYU-UBER 828987        BUENOSAIRES,53.17,"4.190,00 ARS",,,PAYU-UBER 828987        BUENOSAIRES,"RONDEAU 2664
PISO 6
CIUDAD AUTONOMA BUENOS AIRES",,C1262ABH,ARGENTINA,'AT253560004000010367049'
18 Nov 2025,22 Dec 2025,PAYU-UBER 828987        BUENOSAIRES,68.31,"5.374,00 ARS",,,PAYU-UBER 828987        BUENOSAIRES,"RONDEAU 2664
PISO 6
CIUDAD AUTONOMA BUENOS AIRES",,C1262ABH,ARGENTINA,'AT253560004000010367057'