Fecha,Fecha de Compra,Descripción,Importe,Monto en moneda extranjera,Tipo de Cambio,Información Adicional,Aparece en su Estado de Cuenta como,Dirección,Población/Provincia,Código postal,País,Referencia
22 Oct 2025,22 Oct 2025,CABLE Y COMU MORELIA SA CIUDAD DE MEXIC,719.38,,,RFCCCM010816UK4 /REF101195293177,CABLE Y COMU MORELIA SA CIUDAD DE MEXIC,"AV JAVIER BARROS SIERRA 540 TORREII
LOMAS DE SANTA FE
ALVARO OBREGON
MEXICO",,01219,MEXICO,'AT252950004000010341229'
21 Oct 2025,21 Oct 2025,ANTHROPIC               SAN FRANCISCO,4730.67,250.00 USD,,,ANTHROPIC               SAN FRANCISCO,"731 SANSOME ST
SAN FRANCISCO
CA",,94111,UNITED STATES,'AT252940004000010313971'
21 Oct 2025,21 Oct 2025,APPLE.COM/BILL          CUPERTINO,816.00,,,,APPLE.COM/BILL          CUPERTINO,"ONE APPLE PARKY WAY
CUPERTINO",,95014,UNITED STATES,'AT252940004000010328154'
21 Oct 2025,22 Oct 2025,OEL*GREEN~RHINO         CUAUHTEMOC,525.00,,,RFCOLI000404TT4 /REFRFXY1RE9TO59,OEL*GREEN~RHINO         CUAUHTEMOC,"TONALA 121
CUAUHTEMOC",,06760,MEXICO,'AT252950004000010352517'
21 Oct 2025,22 Oct 2025,RESTAURAT CAMOMILA      CIUDAD DE MEX,401.50,,,RFCBBA830831LJ2 /REFGRJKHB0KPRZD,RESTAURAT CAMOMILA      CIUDAD DE MEX,"C MERIDA 122
ROMA NORTE
DF
CIUDAD DE MEXICO CDMX",,06700,MEXICO,'AT252950004000010353807'
21 Oct 2025,21 Oct 2025,SPOTIFY MX              MEXICO,139.00,,,,SPOTIFY MX              MEXICO,"""4TH FLOOR, 25 ARGYLL STREET""
LONDON",,W1F 7TU,UNITED KINGDOM,'AT252940004000010337148'
20 Oct 2025,21 Oct 2025,ATARANTADOS             CIUDAD DE MEX,368.50,,,RFCBBA830831LJ2 /REFBDDGTVJNKM0C,ATARANTADOS             CIUDAD DE MEX,"C CORDOBA 113 L2
ROMA NORTE
DF
CIUDAD DE MEXICO CDMX",,06700,MEXICO,'AT252940004000010336000'
20 Oct 2025,21 Oct 2025,ROAMRESEARCH.COM        OAKLAND,3118.51,165.00 USD,,,ROAMRESEARCH.COM        OAKLAND,"""2035 SUNSET LAKE ROAD, SU""
NEWARK
DE",,19702,UNITED STATES,'AT252940004000010329284'
19 Oct 2025,19 Oct 2025,BILLPOCKET*KOYI SUSHI F MERIDA,1840.00,,,RFCPLA120807BK0 /REF5898942,BILLPOCKET*KOYI SUSHI F MERIDA,"14 NUM. 255 COL. VISTA ALEGRE
MERIDA",,97130,MEXICO,'AT252920004000010308561'
19 Oct 2025,19 Oct 2025,NETFLIX.COM             LOS GATOS,472.40,24.99 USD,,,NETFLIX.COM             LOS GATOS,"121 ALBRIGHT WAY
LOS GATOS
CA
MILPITAS",,95032-1815,UNITED STATES,'AT252920004000010310341'
19 Oct 2025,19 Oct 2025,RAPPI*RAPPI MEXICO      MEXICO CITY,40.00,,,RFCTRA150604TW1 /REFc6f4863f-e1fe-4461-8,RAPPI*RAPPI MEXICO      MEXICO CITY,"BOULEVARD MIGUEL CERVANTES SAAVEDRA
57B GRANADA
MIGUEL HIDALGO
MEXICO",,11529,MEXICO,'AT252920004000010308290'
19 Oct 2025,19 Oct 2025,RAPPI*RAPPI MEXICO      MEXICO CITY,717.70,,,RFCTRA150604TW1 /REFf19d3b6a-6668-4284-9,RAPPI*RAPPI MEXICO      MEXICO CITY,"BOULEVARD MIGUEL CERVANTES SAAVEDRA
57B GRANADA
MIGUEL HIDALGO
MEXICO",,11529,MEXICO,'AT252920004000010308053'
19 Oct 2025,20 Oct 2025,WWW.MUBI.COM            NEW YORK,179.00,,,,WWW.MUBI.COM            NEW YORK,"215 PARK AVENUE SOUTH FL 12
NEW YORK",,10003,UNITED STATES,'AT252930014000010315205'
18 Oct 2025,18 Oct 2025,RAPPI*RAPPI MEXICO      MEXICO CITY,1723.70,,,RFCTRA150604TW1 /REFe1fb6f30-3eb1-4e9e-8,RAPPI*RAPPI MEXICO      MEXICO CITY,"BOULEVARD MIGUEL CERVANTES SAAVEDRA
57B GRANADA
MIGUEL HIDALGO
MEXICO",,11529,MEXICO,'AT252910009000010338668'
18 Oct 2025,19 Oct 2025,REST SUCURSAL ALFIL     CUAUHTEMOC,1811.25,,,RFCBLI120726UF6 /REF8GUS3Y9ZALDC,REST SUCURSAL ALFIL     CUAUHTEMOC,"AVENIDA SONORA 57
CUAUHTEMOC",,06700,MEXICO,'AT252920004000010314895'
17 Oct 2025,17 Oct 2025,AEROMEXICO 8697744      NUEVO PORTAL,8442.84,,,"CARGO 01 DE 12
RFCAME880912I89 /REFHXFNPX",AEROMEXICO 8697744      NUEVO PORTAL,"AV PASEO DE LA REFORMA 243 25
CUAUHTEMOC
CUAUHTEMOC
MEXICO",,06500,MEXICO,'AT252900104000010308683'
17 Oct 2025,17 Oct 2025,AIRBNB * HMT4H23ABN     LONDON,98264.49,,,,AIRBNB * HMT4H23ABN     LONDON,"40 COMPTON STREET
LONDON",,EC1V 0BD,UNITED KINGDOM,'AT252900004000010309467'
17 Oct 2025,18 Oct 2025,REST TAQUERIAS ORINOCO  CUAUHTEMOC,211.60,,,RFCBLI120726UF6 /REFYG3AY4RP1IQN,REST TAQUERIAS ORINOCO  CUAUHTEMOC,"AV. ALVARO OBREGON 100
CUAUHTEMOC",,06700,MEXICO,'AT252910009000010327661'
16 Oct 2025,17 Oct 2025,REST CHORIPA            CIUDAD DE MEX,500.50,,,RFCBBA830831LJ2 /REF001WSQZMMVAU,REST CHORIPA            CIUDAD DE MEX,"C ZACATECAS 143
ROMA NORTE
DF
CIUDAD DE MEXICO CDMX",,06700,MEXICO,'AT252900004000010311126'
16 Oct 2025,17 Oct 2025,UBER TRIP               HTTPS://HELP.UB,213.48,,,,UBER TRIP               HTTPS://HELP.UB,"MR. TREUBLAAN 7
AMSTERDAM",,1097 DP,NETHERLANDS,'AT252890004000010359313'
16 Oct 2025,17 Oct 2025,UBER TRIP               HTTPS://HELP.UB,251.85,,,,UBER TRIP               HTTPS://HELP.UB,"MR. TREUBLAAN 7
AMSTERDAM",,1097 DP,NETHERLANDS,'AT252890004000010358861'
15 Oct 2025,17 Oct 2025,ATARANTADOS             CIUDAD DE MEX,368.50,,,RFCBBA830831LJ2 /REFDN4MEOJMLJAF,ATARANTADOS             CIUDAD DE MEX,"C CORDOBA 113 L2
ROMA NORTE
DF
CIUDAD DE MEXICO CDMX",,06700,MEXICO,'AT252890004000010346188'
15 Oct 2025,15 Oct 2025,ROTOPLAS SERVICIO       CDMX,369.00,,,RFCOPE130906HN4 /REFDMGRC3X6HXZS,ROTOPLAS SERVICIO       CDMX,"5 DE FEBRERO 1351 - 202
SEQUOIA 202
FELIPE CARRILLO PUERTO
QUERETARO",,76138,MEXICO,'AT252880004000010324192'
14 Oct 2025,15 Oct 2025,REST POLLOS PONCHO 0001 CIUDAD DE MEX,343.20,,,RFCEMS0912039N7,REST POLLOS PONCHO 0001 CIUDAD DE MEX,"ALVARO OBREGON 118 L A
ROMA NORTE
CIUDAD DE MEXICO CDMX",,06700,MEXICO,'AT252880004000010349536'
13 Oct 2025,13 Oct 2025,23ANDME                 SUNNYVALE,1306.71,69.00 USD,,,23ANDME                 SUNNYVALE,"899 W EVELYN AVE
MOUNTAIN VIEW
CA",,94041,UNITED STATES,'AT252860004000010323008'
13 Oct 2025,13 Oct 2025,APPLE.COM/BILL          CUPERTINO,249.00,,,,APPLE.COM/BILL          CUPERTINO,"ONE APPLE PARKY WAY
CUPERTINO",,95014,UNITED STATES,'AT252860004000010320892'
13 Oct 2025,15 Oct 2025,RESTAURAT CAMOMILA      CIUDAD DE MEX,354.20,,,RFCBBA830831LJ2 /REF0I6FMGXRY1D8,RESTAURAT CAMOMILA      CIUDAD DE MEX,"C MERIDA 122
ROMA NORTE
DF
CIUDAD DE MEXICO CDMX",,06700,MEXICO,'AT252880004000010322762'
13 Oct 2025,14 Oct 2025,THE REST IS HISTORY     HAYWARDS HEATH,151.68,6.00 GBP,,,THE REST IS HISTORY     HAYWARDS HEATH,"""21 PERRYMOUNT ROAD, 3RD FLOOR""
HAYWARDS HEATH",,RH16,UNITED KINGDOM,'AT252870004000010310339'
12 Oct 2025,13 Oct 2025,APPLE.COM/BILL          CUPERTINO,249.00,,,,APPLE.COM/BILL          CUPERTINO,"ONE APPLE PARKY WAY
CUPERTINO",,95014,UNITED STATES,'AT252860004000010320431'
12 Oct 2025,12 Oct 2025,BILLPOCKET*KOYI SUSHI F MERIDA,2938.25,,,RFCPLA120807BK0 /REF5865234,BILLPOCKET*KOYI SUSHI F MERIDA,"14 NUM. 255 COL. VISTA ALEGRE
MERIDA",,97130,MEXICO,'AT252850004000010309866'
12 Oct 2025,12 Oct 2025,RAPPI*RAPPI MEXICO      MEXICO CITY,30.00,,,RFCTRA150604TW1 /REF360c4e2f-94c2-40c4-a,RAPPI*RAPPI MEXICO      MEXICO CITY,"BOULEVARD MIGUEL CERVANTES SAAVEDRA
57B GRANADA
MIGUEL HIDALGO
MEXICO",,11529,MEXICO,'AT252850004000010309146'
12 Oct 2025,12 Oct 2025,RAPPI*RAPPI MEXICO      MEXICO CITY,1160.70,,,RFCTRA150604TW1 /REF94963395-0339-45d0-a,RAPPI*RAPPI MEXICO      MEXICO CITY,"BOULEVARD MIGUEL CERVANTES SAAVEDRA
57B GRANADA
MIGUEL HIDALGO
MEXICO",,11529,MEXICO,'AT252850004000010309100'
12 Oct 2025,13 Oct 2025,SP NOMAD GOODS          SANTA BARBARA,4359.00,,,,SP NOMAD GOODS          SANTA BARBARA,"""1187 COAST VILLAGE ROAD, SUITE 638""
SANTA BARBARA",,93108,UNITED STATES,'AT252860004000010299768'
11 Oct 2025,12 Oct 2025,APPLE.COM/BILL          CUPERTINO,318.00,,,,APPLE.COM/BILL          CUPERTINO,"ONE APPLE PARKY WAY
CUPERTINO",,95014,UNITED STATES,'AT252850004000010323740'
11 Oct 2025,11 Oct 2025,RAPPI*RAPPI MEXICO      MEXICO CITY,30.00,,,RFCTRA150604TW1 /REF7770fc3f-0776-4e0a-8,RAPPI*RAPPI MEXICO      MEXICO CITY,"BOULEVARD MIGUEL CERVANTES SAAVEDRA
57B GRANADA
MIGUEL HIDALGO
MEXICO",,11529,MEXICO,'AT252840004000010343843'
11 Oct 2025,11 Oct 2025,RAPPI*RAPPI MEXICO      MEXICO CITY,397.70,,,RFCTRA150604TW1 /REF108b1dd2-b240-4dca-b,RAPPI*RAPPI MEXICO      MEXICO CITY,"BOULEVARD MIGUEL CERVANTES SAAVEDRA
57B GRANADA
MIGUEL HIDALGO
MEXICO",,11529,MEXICO,'AT252840004000010343442'
11 Oct 2025,11 Oct 2025,RAPPI*RAPPI MEXICO      MEXICO CITY,823.70,,,RFCTRA150604TW1 /REF257479ab-b070-4512-a,RAPPI*RAPPI MEXICO      MEXICO CITY,"BOULEVARD MIGUEL CERVANTES SAAVEDRA
57B GRANADA
MIGUEL HIDALGO
MEXICO",,11529,MEXICO,'AT252840004000010343522'
11 Oct 2025,11 Oct 2025,TELEFONOS DE MEXICO SAB CIUDAD DE MEXIC,1078.00,,,RFCTME840315KT6 /REF101167593497,TELEFONOS DE MEXICO SAB CIUDAD DE MEXIC,"PARQUE VIA 198 PISO 11
CUAUHTEMOC
CUAUHTEMOC
MEXICO",,06599,MEXICO,'AT252840004000010334705'
10 Oct 2025,11 Oct 2025,FS *PUT.IO              877-327-8914,190.38,9.99 USD,,,FS *PUT.IO              877-327-8914,"801 GARDEN ST. #201
SANTA BARBARA
CA",,93101,UNITED STATES,'AT252840004000010346705'
10 Oct 2025,10 Oct 2025,RAPPI*RAPPI MEXICO      MEXICO CITY,397.70,,,RFCTRA150604TW1 /REF3b837e18-fc52-4b43-8,RAPPI*RAPPI MEXICO      MEXICO CITY,"BOULEVARD MIGUEL CERVANTES SAAVEDRA
57B GRANADA
MIGUEL HIDALGO
MEXICO",,11529,MEXICO,'AT252830004000010333549'
10 Oct 2025,11 Oct 2025,REST CHORIPA            CIUDAD DE MEX,501.60,,,RFCBBA830831LJ2 /REF001WSQZMMVAU,REST CHORIPA            CIUDAD DE MEX,"C ZACATECAS 143
ROMA NORTE
DF
CIUDAD DE MEXICO CDMX",,06700,MEXICO,'AT252840004000010331005'
10 Oct 2025,11 Oct 2025,SIE*PLAYSTATIONNETWO    877-971-7669,265.08,13.91 USD,,,SIE*PLAYSTATIONNETWO    877-971-7669,"10TH FLOOR
6080 CENTER DR
LOS ANGELES
CA",,90045,UNITED STATES,'AT252840004000010351236'
09 Oct 2025,10 Oct 2025,ALMANEGRA CAFE          CIUDAD DE MEX,88.00,,,RFCBMN930209927 /REF320107015656,ALMANEGRA CAFE          CIUDAD DE MEX,"CA ZACATECAS NO 180 E2
HIPODROMO
CIUDAD DE MEXICO CDMX",,06100,MEXICO,'AT252830004000010311734'
09 Oct 2025,10 Oct 2025,GONZALITOS TAQUERIA S   CIUDAD DE MEX,367.40,,,RFCBBA830831LJ2 /REFSOX12SLI0RUK,GONZALITOS TAQUERIA S   CIUDAD DE MEX,"C COLIMA 76 DPTO LOCAL 76
ROMA NORTE
DF
CIUDAD DE MEXICO CDMX",,06700,MEXICO,'AT252830004000010310340'
09 Oct 2025,09 Oct 2025,UBER TRIP               HTTPS://HELP.UB,64.53,,,,UBER TRIP               HTTPS://HELP.UB,"MR. TREUBLAAN 7
AMSTERDAM",,1097 DP,NETHERLANDS,'AT252820004000010309802'
09 Oct 2025,09 Oct 2025,UBER TRIP               HTTPS://HELP.UB,88.22,,,,UBER TRIP               HTTPS://HELP.UB,"MR. TREUBLAAN 7
AMSTERDAM",,1097 DP,NETHERLANDS,'AT252820004000010309489'
08 Oct 2025,08 Oct 2025,AMAZON MX MARKETPLACE*A MEXICO CITY,1399.00,,,RFCANE140618P37 /REFTkXShZzMI23wFM1Pa0oq,AMAZON MX MARKETPLACE*A MEXICO CITY,"MANUEL AVILA CAMACHO 36
LOMAS DE CHAPULTEPEC I SECCION
MIGUEL HIDALGO
MEXICO",,11000,MEXICO,'AT252810004000010326528'
08 Oct 2025,09 Oct 2025,MERCADOPAGO*BLENDSTATIO Cuauht?moc,170.00,,,RFCMAG2105031W3 /REF129126314612,MERCADOPAGO*BLENDSTATIO Cuauht?moc,"AMSTERDAM 282
CUAUHTEMOC",,06140,MEXICO,'AT252820004000010307874'
08 Oct 2025,09 Oct 2025,MERCADOPAGO*CALIMENCORP Manzanillo,2650.00,,,RFCMAG2105031W3 /REF129177467546,MERCADOPAGO*CALIMENCORP Manzanillo,"CONSTUTUCION 3
MANZANILLO",,28239,MEXICO,'AT252820004000010307560'
08 Oct 2025,09 Oct 2025,TAQ LA OCHENTA Y NUEVE  CIUDAD DE MEX,380.60,,,RFCBBA830831LJ2 /REFOYRIOVD2PGSP,TAQ LA OCHENTA Y NUEVE  CIUDAD DE MEX,"C COLIMA 134
ROMA NORTE
DF
CIUDAD DE MEXICO CDMX",,06700,MEXICO,'AT252820004000010309113'
07 Oct 2025,08 Oct 2025,CASAS DE COMIDA DEGU S  CIUDAD DE MEX,961.40,,,RFCBBA830831LJ2 /REFVLH5ZPHTF65W,CASAS DE COMIDA DEGU S  CIUDAD DE MEX,"C HUICHAPAN 25 1
HIPODROMO
DF
CIUDAD DE MEXICO CDMX",,06100,MEXICO,'AT252810004000010330853'
07 Oct 2025,07 Oct 2025,WHITEPAPER.MX           SAN PEDRO GARZA,189.00,,,RFCSPM1410037E8 /REFCH_3SFGCTL5II4PBUG50,WHITEPAPER.MX           SAN PEDRO GARZA,"AV. MANUEL GOMEZ MORIN
SAN PEDRO GARZA GARCIA",,66297,MEXICO,'AT252800004000010330601'
06 Oct 2025,06 Oct 2025,AMAZON MX MARKETPLACE*A MEXICO CITY,242.25,,,RFCANE140618P37 /REF1pZaDXuJlLYowJN5iI6r,AMAZON MX MARKETPLACE*A MEXICO CITY,"MANUEL AVILA CAMACHO 36
LOMAS DE CHAPULTEPEC I SECCION
MIGUEL HIDALGO
MEXICO",,11000,MEXICO,'AT252790004000010319006'
06 Oct 2025,07 Oct 2025,AMAZON MX MARKETPLACE*A MEXICO CITY,817.63,,,RFCANE140618P37 /REFHJLpv3VByidqYOy6SEci,AMAZON MX MARKETPLACE*A MEXICO CITY,"MANUEL AVILA CAMACHO 36
LOMAS DE CHAPULTEPEC I SECCION
MIGUEL HIDALGO
MEXICO",,11000,MEXICO,'AT252800004000010320896'
06 Oct 2025,06 Oct 2025,AMAZON MX MARKETPLACE*A MEXICO CITY,820.00,,,RFCANE140618P37 /REFEcFJhrSAok8T2v7EjvbK,AMAZON MX MARKETPLACE*A MEXICO CITY,"MANUEL AVILA CAMACHO 36
LOMAS DE CHAPULTEPEC I SECCION
MIGUEL HIDALGO
MEXICO",,11000,MEXICO,'AT252790004000010318500'
06 Oct 2025,06 Oct 2025,AMAZON MX MARKETPLACE*A MEXICO CITY,854.46,,,RFCANE140618P37 /REFYIpepNu1jMy9nDuEy91R,AMAZON MX MARKETPLACE*A MEXICO CITY,"MANUEL AVILA CAMACHO 36
LOMAS DE CHAPULTEPEC I SECCION
MIGUEL HIDALGO
MEXICO",,11000,MEXICO,'AT252790004000010319043'
06 Oct 2025,07 Oct 2025,RESTAURAT CAMOMILA      CIUDAD DE MEX,302.50,,,RFCBBA830831LJ2 /REFOYRIOVD2PGSP,RESTAURAT CAMOMILA      CIUDAD DE MEX,"C MERIDA 122
ROMA NORTE
DF
CIUDAD DE MEXICO CDMX",,06700,MEXICO,'AT252800004000010316616'
06 Oct 2025,06 Oct 2025,UBER ONE MEMBERSHIP     HTTPS://HELP.UB,70.00,,,REFPBSYQQ47,UBER ONE MEMBERSHIP     HTTPS://HELP.UB,"MR. TREUBLAAN 7
AMSTERDAM",,1097 DP,NETHERLANDS,'AT252790004000010320094'
05 Oct 2025,05 Oct 2025,AMAZON MX*AMAZON RETAIL MEXICO CITY,1463.75,,,RFCANE140618P37 /REF2ogUBQURkac0IBaMMXnV,AMAZON MX*AMAZON RETAIL MEXICO CITY,"MANUEL AVILA CAMACHO 36
LOMAS DE CHAPULTEPEC I SECCION
MIGUEL HIDALGO
MEXICO",,11000,MEXICO,'AT252780004000010302758'
05 Oct 2025,05 Oct 2025,RAPPI*RAPPI MEXICO      MEXICO CITY,338.70,,,RFCTRA150604TW1 /REFf204c5aa-3a24-4d8d-b,RAPPI*RAPPI MEXICO      MEXICO CITY,"BOULEVARD MIGUEL CERVANTES SAAVEDRA
57B GRANADA
MIGUEL HIDALGO
MEXICO",,11529,MEXICO,'AT252780004000010329239'
05 Oct 2025,05 Oct 2025,UBER EATS               HTTPS://HELP.UB,664.20,,,,UBER EATS               HTTPS://HELP.UB,"MR. TREUBLAAN 7
AMSTERDAM",,1097 DP,NETHERLANDS,'AT252780004000010314766'
04 Oct 2025,04 Oct 2025,APPLE.COM/BILL          CUPERTINO,-149.00,,,,APPLE.COM/BILL          CUPERTINO,"ONE APPLE PARKY WAY
CUPERTINO",,95014,UNITED STATES,'AT252770007000010318582'
04 Oct 2025,05 Oct 2025,BILLPOCKET*KOYI SUSHI F MERIDA,3306.00,,,RFCPLA120807BK0 /REF5822594,BILLPOCKET*KOYI SUSHI F MERIDA,"14 NUM. 255 COL. VISTA ALEGRE
MERIDA",,97130,MEXICO,'AT252780004000010318159'
04 Oct 2025,05 Oct 2025,BOUT CASA DENIM         CUAUHTEMOC,6500.00,,,RFCBLI120726UF6 /REFM20XSL0W7AWK,BOUT CASA DENIM         CUAUHTEMOC,"MARSELLA 70
CUAUHTEMOC",,06600,MEXICO,'AT252780004000010305227'
04 Oct 2025,08 Oct 2025,CGO AUT TELCEL REGION 8 MERIDA,811.58,,,RFCRDI841003QJ4,CGO AUT TELCEL REGION 8 MERIDA,"CALLE 31 N-92 POR 20 Y 18 A
MEXICO
MERIDA",,97128,MEXICO,'AT252810004000010317599'
04 Oct 2025,05 Oct 2025,ESTETICA MOC            CIUDAD DE MEX,510.00,,,RFCBBA830831LJ2 /REF001WSQZMMVAU,ESTETICA MOC            CIUDAD DE MEX,"AV AMSTERDAM LOC C 26
HIPODROMO
DF
CIUDAD DE MEXICO CDMX",,06100,MEXICO,'AT252780004000010302270'
04 Oct 2025,04 Oct 2025,GRACIAS POR SU PAGO EN LINEA,-49900.00,,,,GRACIAS POR SU PAGO EN LINEA,,,,,'S0002527715075144368100'
04 Oct 2025,04 Oct 2025,GRACIAS POR SU PAGO EN LINEA,-49800.00,,,,GRACIAS POR SU PAGO EN LINEA,,,,,'S0002527715075144568100'
04 Oct 2025,04 Oct 2025,GRACIAS POR SU PAGO EN LINEA,-34658.38,,,,GRACIAS POR SU PAGO EN LINEA,,,,,'S0002527715075144168100'
04 Oct 2025,05 Oct 2025,MERCADOPAGO*LOOSEBLUES  Cuauht?moc,373.75,,,RFCMAG2105031W3 /REF128094316403,MERCADOPAGO*LOOSEBLUES  Cuauht?moc,"DINAMARCA 44
CUAUHTEMOC",,06600,MEXICO,'AT252780004000010325686'
04 Oct 2025,05 Oct 2025,MERCADOPAGO*LOOSEBLUES  Cuauht?moc,6300.00,,,RFCMAG2105031W3 /REF128096748667,MERCADOPAGO*LOOSEBLUES  Cuauht?moc,"DINAMARCA 44
CUAUHTEMOC",,06600,MEXICO,'AT252780004000010326167'
04 Oct 2025,05 Oct 2025,OPENAI *CHATGPT SUBSCR  SAN FRANCISCO,3777.34,200.00 USD,,,OPENAI *CHATGPT SUBSCR  SAN FRANCISCO,"1455 3RD ST
SAN FRANCISCO
CA",,94158,UNITED STATES,'AT252780004000010320102'
04 Oct 2025,04 Oct 2025,UBER EATS               HTTPS://HELP.UB,2066.60,,,,UBER EATS               HTTPS://HELP.UB,"MR. TREUBLAAN 7
AMSTERDAM",,1097 DP,NETHERLANDS,'AT252770007000010323915'
04 Oct 2025,05 Oct 2025,UBER TRIP               HTTPS://HELP.UB,164.58,,,,UBER TRIP               HTTPS://HELP.UB,"MR. TREUBLAAN 7
AMSTERDAM",,1097 DP,NETHERLANDS,'AT252780004000010330355'
04 Oct 2025,05 Oct 2025,UBER TRIP               HTTPS://HELP.UB,168.04,,,,UBER TRIP               HTTPS://HELP.UB,"MR. TREUBLAAN 7
AMSTERDAM",,1097 DP,NETHERLANDS,'AT252780004000010330395'
03 Oct 2025,03 Oct 2025,AMAZON MX*PRIME VIDEO C MEXICO CITY,129.00,,,RFCANE140618P37 /REF1AVvgfcUZowMkmcL2KGw,AMAZON MX*PRIME VIDEO C MEXICO CITY,"MANUEL AVILA CAMACHO 36
LOMAS DE CHAPULTEPEC I SECCION
MIGUEL HIDALGO
MEXICO",,11000,MEXICO,'AT252760004000010320408'
03 Oct 2025,03 Oct 2025,APPLE.COM/BILL          CUPERTINO,587.00,,,,APPLE.COM/BILL          CUPERTINO,"ONE APPLE PARKY WAY
CUPERTINO",,95014,UNITED STATES,'AT252760004000010327927'
03 Oct 2025,04 Oct 2025,GONZALITOS TAQUERIA S   CIUDAD DE MEX,368.50,,,RFCBBA830831LJ2 /REFY1PUSGDPR4JY,GONZALITOS TAQUERIA S   CIUDAD DE MEX,"C COLIMA 76 DPTO LOCAL 76
ROMA NORTE
DF
CIUDAD DE MEXICO CDMX",,06700,MEXICO,'AT252770007000010319705'
02 Oct 2025,02 Oct 2025,AMAZON MX MARKETPLACE*A MEXICO CITY,799.90,,,RFCANE140618P37 /REF1b8Fm5YXA50KoRJOQAjT,AMAZON MX MARKETPLACE*A MEXICO CITY,"MANUEL AVILA CAMACHO 36
LOMAS DE CHAPULTEPEC I SECCION
MIGUEL HIDALGO
MEXICO",,11000,MEXICO,'AT252750004000010365596'
02 Oct 2025,03 Oct 2025,REST DRUNKENDOG 0001449 CIUDAD DE MEX,270.25,,,RFCEMS0912039N7,REST DRUNKENDOG 0001449 CIUDAD DE MEX,"NUEVO LEON 4 A
HIPODROMO
CIUDAD DE MEXICO CDMX",,06100,MEXICO,'AT252760004000010332591'
02 Oct 2025,03 Oct 2025,X CORP. PAID FEATURES   BASTROP,151.86,8.00 USD,,,X CORP. PAID FEATURES   BASTROP,"SUITE 900
1355 MARKET ST
SAN FRANCISCO
CA",,94103,UNITED STATES,'AT252760004000010332761'
01 Oct 2025,02 Oct 2025,ATARANTADOS             CIUDAD DE MEX,366.85,,,RFCBBA830831LJ2 /REFOZC1HETDDN60,ATARANTADOS             CIUDAD DE MEX,"C CORDOBA 113 L2
ROMA NORTE
DF
CIUDAD DE MEXICO CDMX",,06700,MEXICO,'AT252750004000010352877'
01 Oct 2025,01 Oct 2025,PAYU-GOOGLE CLOUD 10166 CIUDAD DE MEXIC,194.88,,,RFCOLA1012082G0 /REF4116146804,PAYU-GOOGLE CLOUD 10166 CIUDAD DE MEXIC,"MONTES URALES 445 PISO 5
LOMAS DE CHAPULTEPEC I SECCION
MIGUEL HIDALGO
MEXICO",,11000,MEXICO,'AT252740004000010343278'
01 Oct 2025,02 Oct 2025,REST LARDO              CIUDAD DE MEX,451.36,,,RFCBMI9312038R3 /REF000000000098,REST LARDO              CIUDAD DE MEX,"MAZATLAN NO 5
CONDESA
CIUDAD DE MEXICO CDMX
CIUDAD DE MEXICO CDMX",,06140,MEXICO,'AT252750004000010346520'
01 Oct 2025,02 Oct 2025,REST PANADERIA ROSETTA  CIUDAD DE MEX,150.00,,,RFCEMS0912039N7,REST PANADERIA ROSETTA  CIUDAD DE MEX,"C COLIMA LOC A 179
ROMA
CIUDAD DE MEXICO CDMX",,06700,MEXICO,'AT252750004000010346123'
01 Oct 2025,02 Oct 2025,STARLINK                CIUDAD DE MEXIC,1305.00,,,RFCDME180122DU4 /REF4HVEYSIYXZ83,STARLINK                CIUDAD DE MEXIC,"AVENIDA INSURGENTES SUR 540
CIUDAD DE MEXIC",,06760,MEXICO,'AT252750004000010345617'
30 Sep 2025,30 Sep 2025,AETHOS CLUB             LONDON,3389.26,180.00 USD,,,AETHOS CLUB             LONDON,"""KEMP HOUSE, 160 CITY ROAD""
LONDON",,EC1V,UNITED KINGDOM,'AT252730004000010315041'
30 Sep 2025,30 Sep 2025,"GITHUB, INC.            SAN FRANCISCO",263.61,14.00 USD,,,"GITHUB, INC.            SAN FRANCISCO","275 BRANNAN STREET
SAN FRANCISCO
CA",,94107,UNITED STATES,'AT252730004000010340612'
30 Sep 2025,01 Oct 2025,RESTAURAT CAMOMILA      CIUDAD DE MEX,198.00,,,RFCBBA830831LJ2 /REFW0LDGIJ0DWYW,RESTAURAT CAMOMILA      CIUDAD DE MEX,"C MERIDA 122
ROMA NORTE
DF
CIUDAD DE MEXICO CDMX",,06700,MEXICO,'AT252740004000010327500'
29 Sep 2025,29 Sep 2025,DEVOLUCION DE INTERESES ORDINARIOS,-270.70,,,,DEVOLUCION DE INTERESES ORDINARIOS,,,,,'S0002527209871354968109'
29 Sep 2025,29 Sep 2025,DEVOLUCION DE IVA APLICABLE,-43.31,,,,DEVOLUCION DE IVA APLICABLE,,,,,'S0002527209871355068100'
29 Sep 2025,30 Sep 2025,MERCADOPAGO*SUC90       Cuauht?moc,320.10,,,RFCMAG2105031W3 /REF127410393483,MERCADOPAGO*SUC90       Cuauht?moc,"ALVARO OBREGON  90
CUAUHTEMOC",,06700,MEXICO,'AT252730004000010341068'
29 Sep 2025,29 Sep 2025,UBER EATS               HTTPS://HELP.UB,657.18,,,,UBER EATS               HTTPS://HELP.UB,"MR. TREUBLAAN 7
AMSTERDAM",,1097 DP,NETHERLANDS,'AT252720004000010316897'
28 Sep 2025,29 Sep 2025,CLAUDE.AI SUBSCRIPTION  SAN FRANCISCO,377.57,20.00 USD,,,CLAUDE.AI SUBSCRIPTION  SAN FRANCISCO,"731 SANSOME ST
SAN FRANCISCO
CA",,94111,UNITED STATES,'AT252720004000010333934'
28 Sep 2025,29 Sep 2025,ROJO BISTROT            CIUDAD DE MEX,1765.50,,,RFCBMN930209927 /REF851350223377,ROJO BISTROT            CIUDAD DE MEX,"CA AMSTERDAM NO 71 C
CONDESA
CIUDAD DE MEXICO CDMX",,06100,MEXICO,'AT252720004000010317757'
28 Sep 2025,28 Sep 2025,UBER TRIP               HTTPS://HELP.UB,145.97,,,,UBER TRIP               HTTPS://HELP.UB,"MR. TREUBLAAN 7
AMSTERDAM",,1097 DP,NETHERLANDS,'AT252710004000010316431'
28 Sep 2025,29 Sep 2025,ZTL*QUENTIN CAFÉ        MEXICO,420.00,,,RFCOPM150323DI1 /REF067008334550,ZTL*QUENTIN CAFÉ        MEXICO,"BRUSELAS 11 JUAREZ
MEXICO",,06600,MEXICO,'AT252720004000010339623'
27 Sep 2025,27 Sep 2025,AUDIBLE*NJ11V3KU0       AMZN.COM/BILL,282.24,14.95 USD,,,AUDIBLE*NJ11V3KU0       AMZN.COM/BILL,"1 WASHINGTON PARK
NEWARK
NJ",,07102-3122,UNITED STATES,'AT252700004000010324929'
27 Sep 2025,29 Sep 2025,GOOGLE *GOOGLE ONE      G.CO/HELPPAY#,395.00,,,,GOOGLE *GOOGLE ONE      G.CO/HELPPAY#,"1600 AMPHITHEATRE PARKWAY
MOUNTAIN VIEW",,94043,UNITED STATES,'AT252720004000010314971'
27 Sep 2025,28 Sep 2025,NETPAY*MARMOTA PLAZACiu Ciudad De Mexic,2087.25,,,RFCNPA0803124V6 /REF19291905,NETPAY*MARMOTA PLAZACiu Ciudad De Mexic,"PLAZA RIO DE JANEIRO 53
CUAUHTEMOC",,06700,MEXICO,'AT252710004000010322401'
27 Sep 2025,28 Sep 2025,REST SUCURSAL ALFIL     CUAUHTEMOC,1880.25,,,RFCBLI120726UF6 /REFML6Q6VCPLSCM,REST SUCURSAL ALFIL     CUAUHTEMOC,"AVENIDA SONORA 57
CUAUHTEMOC",,06700,MEXICO,'AT252710004000010323166'
26 Sep 2025,26 Sep 2025,AMAZON MX*AD FREE FOR P MEXICO CITY,50.00,,,RFCANE140618P37 /REF2ZF2QydPFb2lJWB0uRkD,AMAZON MX*AD FREE FOR P MEXICO CITY,"MANUEL AVILA CAMACHO 36
LOMAS DE CHAPULTEPEC I SECCION
MIGUEL HIDALGO
MEXICO",,11000,MEXICO,'AT252690004000010325218'
26 Sep 2025,27 Sep 2025,HOMARE JAPONESA         CIUDAD DE MEX,3156.00,,,RFCBMI9312038R3 /REF000000000075,HOMARE JAPONESA         CIUDAD DE MEX,"ZACATECAS NO 17
ROMA NORTE
CIUDAD DE MEXICO CDMX
CIUDAD DE MEXICO CDMX",,06700,MEXICO,'AT252700004000010322921'
25 Sep 2025,26 Sep 2025,REST CHORIPA            CIUDAD DE MEX,627.55,,,RFCBBA830831LJ2 /REFOUYR3UKEFHNW,REST CHORIPA            CIUDAD DE MEX,"C ZACATECAS 143
ROMA NORTE
DF
CIUDAD DE MEXICO CDMX",,06700,MEXICO,'AT252690004000010339240'
24 Sep 2025,24 Sep 2025,APPLE.COM/BILL          CUPERTINO,138.00,,,,APPLE.COM/BILL          CUPERTINO,"ONE APPLE PARKY WAY
CUPERTINO",,95014,UNITED STATES,'AT252670004000010320631'
24 Sep 2025,25 Sep 2025,LE PAIN QUOTIDIEN ROMA  MEXICO,323.40,,,RFCOLP080326HW2 /REF000093,LE PAIN QUOTIDIEN ROMA  MEXICO,"MONTERREY 104
ROMA
CUAUHTEMOC
MEXICO",,06700,MEXICO,'AT252680004000010298656'
24 Sep 2025,25 Sep 2025,MERCADOPAGO*CALIMENCORP Manzanillo,1710.00,,,RFCMAG2105031W3 /REF126860484041,MERCADOPAGO*CALIMENCORP Manzanillo,"CONSTUTUCION 3
MANZANILLO",,28239,MEXICO,'AT252680004000010308178'
24 Sep 2025,24 Sep 2025,RAPPI*RAPPI MEXICO      MEXICO CITY,118.50,,,RFCTRA150604TW1 /REF2de42aa8-7068-40f3-b,RAPPI*RAPPI MEXICO      MEXICO CITY,"BOULEVARD MIGUEL CERVANTES SAAVEDRA
57B GRANADA
MIGUEL HIDALGO
MEXICO",,11529,MEXICO,'AT252670004000010307460'
24 Sep 2025,25 Sep 2025,ZTL*CONDOMECAFÉ         MEXICO,59.00,,,RFCOPM150323DI1 /REF067008284925,ZTL*CONDOMECAFÉ         MEXICO,"AGUA 416
MEXICO",,01900,MEXICO,'AT252680004000010300416'
23 Sep 2025,23 Sep 2025,APPLE.COM/BILL          CUPERTINO,17.00,,,,APPLE.COM/BILL          CUPERTINO,"ONE APPLE PARKY WAY
CUPERTINO",,95014,UNITED STATES,'AT252660004000010334149'
23 Sep 2025,23 Sep 2025,APPLE.COM/BILL          CUPERTINO,129.00,,,,APPLE.COM/BILL          CUPERTINO,"ONE APPLE PARKY WAY
CUPERTINO",,95014,UNITED STATES,'AT252660004000010334333'
23 Sep 2025,23 Sep 2025,APPLE.COM/BILL          CUPERTINO,498.00,,,,APPLE.COM/BILL          CUPERTINO,"ONE APPLE PARKY WAY
CUPERTINO",,95014,UNITED STATES,'AT252660004000010334148'
23 Sep 2025,24 Sep 2025,ATARANTADOS             CIUDAD DE MEX,346.50,,,RFCBBA830831LJ2 /REFRG7AZ5E4Z1XN,ATARANTADOS             CIUDAD DE MEX,"C CORDOBA 113 L2
ROMA NORTE
DF
CIUDAD DE MEXICO CDMX",,06700,MEXICO,'AT252670004000010336917'
23 Sep 2025,23 Sep 2025,EL PALACIO DE HIERRO DU MEXICO,3166.56,,,"CARGO 03 DE 09
RFCPHI830429MG6 /REF000000001217",EL PALACIO DE HIERRO DU MEXICO,"DURANGO 230
ROMA
CUAUHTEMOC
MEXICO",,06700,MEXICO,'AT252080304000010325280'
23 Sep 2025,25 Sep 2025,GOOGLE *NEST            G.CO/HELPPAY#,200.00,,,,GOOGLE *NEST            G.CO/HELPPAY#,"1600 AMPHITHEATRE PARKWAY
MOUNTAIN VIEW",,94043,UNITED STATES,'AT252680004000010288441'
23 Sep 2025,24 Sep 2025,GOOGLE *YOUTUBEPREMIUM  G.CO/HELPPAY#,159.00,,,,GOOGLE *YOUTUBEPREMIUM  G.CO/HELPPAY#,"1600 AMPHITHEATRE PARKWAY
MOUNTAIN VIEW",,94043,UNITED STATES,'AT252670004000010307871'
23 Sep 2025,23 Sep 2025,PALACIODEHIERRO DURANGO MEXICO,4263.25,,,"CARGO 04 DE 12
RFCPHI830429MG6 /REF843815",PALACIODEHIERRO DURANGO MEXICO,"DURANGO 230
ROMA
CUAUHTEMOC
MEXICO",,06700,MEXICO,'AT251880404000010316517'
23 Sep 2025,24 Sep 2025,PAYU-GOOGLE CLOUD 10166 CIUDAD DE MEXIC,200.00,,,RFCOLA1012082G0 /REF4100931185,PAYU-GOOGLE CLOUD 10166 CIUDAD DE MEXIC,"MONTES URALES 445 PISO 5
LOMAS DE CHAPULTEPEC I SECCION
MIGUEL HIDALGO
MEXICO",,11000,MEXICO,'AT252670004000010333467'
22 Sep 2025,23 Sep 2025,RESTAURAT CAMOMILA      CIUDAD DE MEX,198.00,,,RFCBBA830831LJ2 /REF10L4NV2J0O0G,RESTAURAT CAMOMILA      CIUDAD DE MEX,"C MERIDA 122
ROMA NORTE
DF
CIUDAD DE MEXICO CDMX",,06700,MEXICO,'AT252660004000010339127'
21 Sep 2025,23 Sep 2025,GOOGLE *SKYALERT        G.CO/HELPPAY#,249.00,,,,GOOGLE *SKYALERT        G.CO/HELPPAY#,"1600 AMPHITHEATRE PARKWAY
MOUNTAIN VIEW",,94043,UNITED STATES,'AT252660004000010322265'