Fecha,Fecha de Compra,Descripción,Importe,Monto en moneda extranjera,Tipo de Cambio,Información Adicional,Aparece en su Estado de Cuenta como,Dirección,Población/Provincia,Código postal,País,Referencia
22 Nov 2025,22 Nov 2025,CABLE Y COMU MORELIA SA CIUDAD DE MEXIC,719.37,,,RFCCCM010816UK4 /REF101282464090,CABLE Y COMU MORELIA SA CIUDAD DE MEXIC,"AV JAVIER BARROS SIERRA 540 TORREII
LOMAS DE SANTA FE
ALVARO OBREGON
MEXICO",,01219,MEXICO,'AT253260004000010342791'
22 Nov 2025,22 Nov 2025,CUOTA ANUAL MENSUALIDAD 01 DE 03,2774.47,,,,CUOTA ANUAL MENSUALIDAD 01 DE 03,,,,,'10000000011122999699900'
22 Nov 2025,22 Nov 2025,HAVANNA MACRO           CIUDAD AUTONOMA,1609.14,"120.000,00 ARS",,,HAVANNA MACRO           CIUDAD AUTONOMA,"HUMBOLDT 1695
CIUDAD AUTONOMA DE BUENOS AIRES",,C1414CTO,ARGENTINA,'AT253260004000010357429'
22 Nov 2025,22 Nov 2025,IVA APLICABLE,443.92,,,,IVA APLICABLE,,,,,'10000000011122999699900'
22 Nov 2025,22 Nov 2025,MERPAGO*BLUECATERING    Tres de febre,616.79,"46.000,00 ARS",,,MERPAGO*BLUECATERING    Tres de febre,"SAN MARTINSAN MARTIN
CIUDAD AUTONOMA DE BUENOS AIRES",,1004,ARGENTINA,'AT253260004000010337243'
22 Nov 2025,22 Nov 2025,MERPAGO*DULCECHARLOTTE  Palermo,408.60,"30.475,00 ARS",,,MERPAGO*DULCECHARLOTTE  Palermo,"BONPLAND 1903
PALERMO",,1414,ARGENTINA,'AT253260004000010337242'
22 Nov 2025,22 Nov 2025,MERPAGO*RFLIBROS        Palermo,268.22,"20.000,00 ARS",,,MERPAGO*RFLIBROS        Palermo,"SANTA FE 4200
PALERMO",,1425,ARGENTINA,'AT253260004000010337244'
22 Nov 2025,22 Nov 2025,MERPAGO*RFLIBROS        Palermo,737.41,"55.000,00 ARS",,,MERPAGO*RFLIBROS        Palermo,"SANTA FE 4200
PALERMO",,1425,ARGENTINA,'AT253260004000010337240'
21 Nov 2025,22 Nov 2025,PAYU-UBER 828987        BUENOSAIRES,71.42,"5.320,00 ARS",,,PAYU-UBER 828987        BUENOSAIRES,"RONDEAU 2664
PISO 6
CIUDAD AUTONOMA BUENOS AIRES",,C1262ABH,ARGENTINA,'AT253260004000010336429'
21 Nov 2025,21 Nov 2025,SPOTIFY MX              MEXICO,139.00,,,,SPOTIFY MX              MEXICO,"""4TH FLOOR, 25 ARGYLL STREET""
LONDON",,W1F 7TU,UNITED KINGDOM,'AT253250004000010355367'
20 Nov 2025,20 Nov 2025,MERPAGO*LEBLE           Caba,156.26,"11.500,00 ARS",,,MERPAGO*LEBLE           Caba,"VIRREY ARREDONDO 2306
CABA",,1426,ARGENTINA,'AT253240004000010345306'
20 Nov 2025,21 Nov 2025,PAYU-UBER 828987        BUENOSAIRES,72.18,"5.327,00 ARS",,,PAYU-UBER 828987        BUENOSAIRES,"RONDEAU 2664
PISO 6
CIUDAD AUTONOMA BUENOS AIRES",,C1262ABH,ARGENTINA,'AT253250004000010355657'
20 Nov 2025,22 Nov 2025,PAYU-UBER 828987        BUENOSAIRES,113.02,"8.430,00 ARS",,,PAYU-UBER 828987        BUENOSAIRES,"RONDEAU 2664
PISO 6
CIUDAD AUTONOMA BUENOS AIRES",,C1262ABH,ARGENTINA,'AT253260004000010336432'
20 Nov 2025,21 Nov 2025,PAYU-UBER 828987        BUENOSAIRES,149.50,"11.037,00 ARS",,,PAYU-UBER 828987        BUENOSAIRES,"RONDEAU 2664
PISO 6
CIUDAD AUTONOMA BUENOS AIRES",,C1262ABH,ARGENTINA,'AT253250004000010355667'
20 Nov 2025,22 Nov 2025,PAYU-UBER 828987        BUENOSAIRES,243.91,"18.185,00 ARS",,,PAYU-UBER 828987        BUENOSAIRES,"RONDEAU 2664
PISO 6
CIUDAD AUTONOMA BUENOS AIRES",,C1262ABH,ARGENTINA,'AT253260004000010336416'
19 Nov 2025,19 Nov 2025,NETFLIX.COM             NETFLIX.COM,470.71,24.99 USD,,,NETFLIX.COM             NETFLIX.COM,"121 ALBRIGHT WAY
LOS GATOS
CA
MILPITAS",,95032-1815,UNITED STATES,'AT253230004000010372981'
19 Nov 2025,21 Nov 2025,PAYU-UBER 828987        BUENOSAIRES,112.64,"8.320,00 ARS",,,PAYU-UBER 828987        BUENOSAIRES,"RONDEAU 2664
PISO 6
CIUDAD AUTONOMA BUENOS AIRES",,C1262ABH,ARGENTINA,'AT253250004000010355661'
19 Nov 2025,21 Nov 2025,PAYU-UBER 828987        BUENOSAIRES,145.70,"10.761,00 ARS",,,PAYU-UBER 828987        BUENOSAIRES,"RONDEAU 2664
PISO 6
CIUDAD AUTONOMA BUENOS AIRES",,C1262ABH,ARGENTINA,'AT253250004000010355666'
19 Nov 2025,21 Nov 2025,PAYU-UBER 828987        BUENOSAIRES,173.04,"12.771,00 ARS",,,PAYU-UBER 828987        BUENOSAIRES,"RONDEAU 2664
PISO 6
CIUDAD AUTONOMA BUENOS AIRES",,C1262ABH,ARGENTINA,'AT253250004000010355669'
18 Nov 2025,19 Nov 2025,PAYU-UBER 828987        BUENOSAIRES,91.35,"6.789,00 ARS",,,PAYU-UBER 828987        BUENOSAIRES,"RONDEAU 2664
PISO 6
CIUDAD AUTONOMA BUENOS AIRES",,C1262ABH,ARGENTINA,'AT253230004000010370858'
18 Nov 2025,19 Nov 2025,PAYU-UBER 828987        BUENOSAIRES,92.67,"6.893,00 ARS",,,PAYU-UBER 828987        BUENOSAIRES,"RONDEAU 2664
PISO 6
CIUDAD AUTONOMA BUENOS AIRES",,C1262ABH,ARGENTINA,'AT253230004000010370859'
18 Nov 2025,19 Nov 2025,PAYU-UBER 828987        BUENOSAIRES,177.43,"13.198,00 ARS",,,PAYU-UBER 828987        BUENOSAIRES,"RONDEAU 2664
PISO 6
CIUDAD AUTONOMA BUENOS AIRES",,C1262ABH,ARGENTINA,'AT253230004000010370874'
18 Nov 2025,19 Nov 2025,WWW.MUBI.COM            NEW YORK,179.00,,,,WWW.MUBI.COM            NEW YORK,"215 PARK AVENUE SOUTH FL 12
NEW YORK",,10003,UNITED STATES,'AT253230004000010347981'
17 Nov 2025,17 Nov 2025,MERPAGO*BYCGASTRONOMI   Buenos Aires,323.34,"24.200,00 ARS",,,MERPAGO*BYCGASTRONOMI   Buenos Aires,"MANSO JUANA 670
BUENOS AIRES",,1107,ARGENTINA,'AT253210004000010355442'
17 Nov 2025,18 Nov 2025,OPTICA URIBURU          CAP.FEDERAL,4163.22,"310.000,00 ARS",,,OPTICA URIBURU          CAP.FEDERAL,"URIBURU                   00056
CAP.FEDERAL",,1027,ARGENTINA,'AT253220004000010384603'
17 Nov 2025,19 Nov 2025,PAYU-UBER 828987        BUENOSAIRES,98.70,"7.344,00 ARS",,,PAYU-UBER 828987        BUENOSAIRES,"RONDEAU 2664
PISO 6
CIUDAD AUTONOMA BUENOS AIRES",,C1262ABH,ARGENTINA,'AT253230004000010370863'
17 Nov 2025,18 Nov 2025,PAYU-UBER 828987        BUENOSAIRES,104.53,"7.779,00 ARS",,,PAYU-UBER 828987        BUENOSAIRES,"RONDEAU 2664
PISO 6
CIUDAD AUTONOMA BUENOS AIRES",,C1262ABH,ARGENTINA,'AT253220004000010380522'
17 Nov 2025,18 Nov 2025,PAYU-UBER 828987        BUENOSAIRES,119.82,"8.926,00 ARS",,,PAYU-UBER 828987        BUENOSAIRES,"RONDEAU 2664
PISO 6
CIUDAD AUTONOMA BUENOS AIRES",,C1262ABH,ARGENTINA,'AT253220004000010380526'
16 Nov 2025,17 Nov 2025,PAYU-UBER 828987        BUENOSAIRES,87.70,"6.563,00 ARS",,,PAYU-UBER 828987        BUENOSAIRES,"RONDEAU 2664
PISO 6
CIUDAD AUTONOMA BUENOS AIRES",,C1262ABH,ARGENTINA,'AT253210004000010363606'
16 Nov 2025,17 Nov 2025,PAYU-UBER 828987        BUENOSAIRES,100.69,"7.535,00 ARS",,,PAYU-UBER 828987        BUENOSAIRES,"RONDEAU 2664
PISO 6
CIUDAD AUTONOMA BUENOS AIRES",,C1262ABH,ARGENTINA,'AT253210004000010363608'
15 Nov 2025,15 Nov 2025,BANKLESS                NEW YORK,2823.15,150.00 USD,,,BANKLESS                NEW YORK,"""440 MONTICELLO AVE, STE 1""
NORFOLK
VA",,23510,UNITED STATES,'AT253190004000010360731'
15 Nov 2025,17 Nov 2025,FAUSTO                  CAP.FEDERAL,467.51,"35.000,00 ARS",,,FAUSTO                  CAP.FEDERAL,"DEFENSA                   00887
CAP.FEDERAL",,1065,ARGENTINA,'AT253210004000010347148'
15 Nov 2025,17 Nov 2025,FAUSTO                  CAP.FEDERAL,3607.04,"270.000,00 ARS",,,FAUSTO                  CAP.FEDERAL,"DEFENSA                   00887
CAP.FEDERAL",,1065,ARGENTINA,'AT253210004000010347149'
15 Nov 2025,15 Nov 2025,HAVANNA MACRO           CIUDAD AUTONOMA,1229.01,"92.000,00 ARS",,,HAVANNA MACRO           CIUDAD AUTONOMA,"HUMBOLDT 1695
CIUDAD AUTONOMA DE BUENOS AIRES",,C1414CTO,ARGENTINA,'AT253190004000010382553'
15 Nov 2025,15 Nov 2025,MERPAGO*VORTICE         Posadas,999.20,"74.800,00 ARS",,,MERPAGO*VORTICE         Posadas,"CALLE 17 9
POSADAS",,3300,ARGENTINA,'AT253190004000010387683'
15 Nov 2025,17 Nov 2025,PAYU-UBER 828987        BUENOSAIRES,211.17,"15.800,00 ARS",,,PAYU-UBER 828987        BUENOSAIRES,"RONDEAU 2664
PISO 6
CIUDAD AUTONOMA BUENOS AIRES",,C1262ABH,ARGENTINA,'AT253210004000010363615'
15 Nov 2025,18 Nov 2025,POP HOME ELECTRO        CAPITAL FEDERAL,53.77,"4.000,00 ARS",,,POP HOME ELECTRO        CAPITAL FEDERAL,"ROBERTO FITZ ROY          01987  LOC
CAPITAL FEDERAL",,1414,ARGENTINA,'AT253220004000010384597'
15 Nov 2025,16 Nov 2025,QUORUM 000057613        CAPITAL,431.56,"32.300,00 ARS",,,QUORUM 000057613        CAPITAL,"DEFENSA 894
-
CAPITAL",,C1429ZZZ,ARGENTINA,'AT253200004000010341775'
15 Nov 2025,16 Nov 2025,QUORUM 000057613        CAPITAL,7196.58,"538.700,00 ARS",,,QUORUM 000057613        CAPITAL,"DEFENSA 894
-
CAPITAL",,C1429ZZZ,ARGENTINA,'AT253200004000010341776'
15 Nov 2025,15 Nov 2025,ROTOPLAS SERVICIO       CDMX,369.00,,,RFCOPE130906HN4 /REF6ORDXS4ZSTN8,ROTOPLAS SERVICIO       CDMX,"5 DE FEBRERO 1351 - 202
SEQUOIA 202
FELIPE CARRILLO PUERTO
QUERETARO",,76138,MEXICO,'AT253190004000010366628'
15 Nov 2025,15 Nov 2025,RSI*GRANMAHATMA         CABA,1603.92,"120.060,01 ARS",,,RSI*GRANMAHATMA         CABA,"FITZ ROY 1440
CIUDAD AUTONOMA DE BUENOS AIRES",,C1414CHT,ARGENTINA,'AT253190004000010386278'
14 Nov 2025,15 Nov 2025,MAS VISION 99999999     CABA,3598.95,"269.400,00 ARS",,,MAS VISION 99999999     CABA,"AV INTE BULLRICH 345
CIUDAD AUTONOMA BUENOS AIRES",,C1425FTD,ARGENTINA,'AT253190004000010389510'
14 Nov 2025,15 Nov 2025,PAYU-UBER 828987        BUENOSAIRES,25.02,"1.879,00 ARS",,,PAYU-UBER 828987        BUENOSAIRES,"RONDEAU 2664
PISO 6
CIUDAD AUTONOMA BUENOS AIRES",,C1262ABH,ARGENTINA,'AT253190004000010366038'
14 Nov 2025,16 Nov 2025,PAYU-UBER 828987        BUENOSAIRES,86.39,"6.471,00 ARS",,,PAYU-UBER 828987        BUENOSAIRES,"RONDEAU 2664
PISO 6
CIUDAD AUTONOMA BUENOS AIRES",,C1262ABH,ARGENTINA,'AT253200004000010349450'
14 Nov 2025,16 Nov 2025,PAYU-UBER 828987        BUENOSAIRES,86.76,"6.499,00 ARS",,,PAYU-UBER 828987        BUENOSAIRES,"RONDEAU 2664
PISO 6
CIUDAD AUTONOMA BUENOS AIRES",,C1262ABH,ARGENTINA,'AT253200004000010349452'
14 Nov 2025,16 Nov 2025,PAYU-UBER 828987        BUENOSAIRES,87.52,"6.551,00 ARS",,,PAYU-UBER 828987        BUENOSAIRES,"RONDEAU 2664
PISO 6
CIUDAD AUTONOMA BUENOS AIRES",,C1262ABH,ARGENTINA,'AT253200004000010349455'
14 Nov 2025,16 Nov 2025,PAYU-UBER 828987        BUENOSAIRES,154.70,"11.582,00 ARS",,,PAYU-UBER 828987        BUENOSAIRES,"RONDEAU 2664
PISO 6
CIUDAD AUTONOMA BUENOS AIRES",,C1262ABH,ARGENTINA,'AT253200004000010349467'
14 Nov 2025,16 Nov 2025,PAYU-UBER 828987        BUENOSAIRES,213.43,"15.978,00 ARS",,,PAYU-UBER 828987        BUENOSAIRES,"RONDEAU 2664
PISO 6
CIUDAD AUTONOMA BUENOS AIRES",,C1262ABH,ARGENTINA,'AT253200004000010349473'
13 Nov 2025,14 Nov 2025,APPLE.COM/BILL          CUPERTINO,249.00,,,,APPLE.COM/BILL          CUPERTINO,"ONE APPLE PARKY WAY
CUPERTINO",,95014,UNITED STATES,'AT253180004000010421303'
13 Nov 2025,14 Nov 2025,CONROSAR SRL PRINCIPAL  CABA,369.65,"27.600,00 ARS",,,CONROSAR SRL PRINCIPAL  CABA,"AV CORRIENTES        6891
CABA",,1427,ARGENTINA,'AT253180004000010395000'
13 Nov 2025,14 Nov 2025,MASSEY FAMILIA-BUENA HU CIUDAD AUTONOMA,3357.85,"250.125,00 ARS",,,MASSEY FAMILIA-BUENA HU CIUDAD AUTONOMA,"CERVI¨O 3889 0 0
CIUDAD AUTONOMA BUEN",,C1425AGH,ARGENTINA,'AT253180004000010394375'
13 Nov 2025,15 Nov 2025,PAYU-UBER 828987        BUENOSAIRES,72.08,"5.389,00 ARS",,,PAYU-UBER 828987        BUENOSAIRES,"RONDEAU 2664
PISO 6
CIUDAD AUTONOMA BUENOS AIRES",,C1262ABH,ARGENTINA,'AT253190004000010366043'
13 Nov 2025,14 Nov 2025,THE REST IS HISTORY     HAYWARDS HEATH,148.68,6.00 GBP,,,THE REST IS HISTORY     HAYWARDS HEATH,"""21 PERRYMOUNT ROAD, 3RD FLOOR""
HAYWARDS HEATH",,RH16,UNITED KINGDOM,'AT253180004000010406054'
12 Nov 2025,13 Nov 2025,BACKROOM                CAPITAL FEDERAL,677.18,"51.100,00 ARS",,,BACKROOM                CAPITAL FEDERAL,"BORGES JORGE LUIS         01975  OF.
CAPITAL FEDERAL",,1414,ARGENTINA,'AT253170004000010342967'
12 Nov 2025,13 Nov 2025,COBRO SUR PRINCIPAL     CABA,650.01,"49.000,00 ARS",,,COBRO SUR PRINCIPAL     CABA,"TALCAHUANO          01083P
CABA",,1013,ARGENTINA,'AT253170004000010357005'
12 Nov 2025,13 Nov 2025,MERPAGO*SCOTCHANDSODA   Ciudad Autono,543.32,"41.000,00 ARS",,,MERPAGO*SCOTCHANDSODA   Ciudad Autono,"LAVALLE 1625 PISO:4 DPTO:4011625
CIUDAD AUTONOMA DE BUENOS AIRES",,1048,ARGENTINA,'AT253170004000010360459'
12 Nov 2025,14 Nov 2025,PAYU-UBER 828987        BUENOSAIRES,56.27,"4.190,00 ARS",,,PAYU-UBER 828987        BUENOSAIRES,"RONDEAU 2664
PISO 6
CIUDAD AUTONOMA BUENOS AIRES",,C1262ABH,ARGENTINA,'AT253180004000010407847'
11 Nov 2025,13 Nov 2025,PASTASOLE-PASTASOLE     Buenos Aires,823.05,"62.100,00 ARS",,,PASTASOLE-PASTASOLE     Buenos Aires,"FITZ ROY 1947
BUENOS AIRES",,C1414AAA,ARGENTINA,'AT253170004000010357751'
11 Nov 2025,11 Nov 2025,TELEFONOS DE MEXICO SAB CIUDAD DE MEXIC,1113.00,,,RFCTME840315KT6 /REF101249799182,TELEFONOS DE MEXICO SAB CIUDAD DE MEXIC,"PARQUE VIA 198 PISO 11
CUAUHTEMOC
CUAUHTEMOC
MEXICO",,06599,MEXICO,'AT253150004000010317147'
10 Nov 2025,10 Nov 2025,COMISION FEDERAL DE ELE Mexico 484,2439.00,,,RFCCFE370814QI0 /REF972180600843,COMISION FEDERAL DE ELE Mexico 484,"PASEO DE LA REFORMA 164
JUAREZ
CUAUHTEMOC
MEXICO",,06600,MEXICO,'AT253140004000010337713'
10 Nov 2025,10 Nov 2025,DISCORD* NITROYEARLY    SAN FRANCISCO,1590.00,,,,DISCORD* NITROYEARLY    SAN FRANCISCO,"""444 DE HARO STREET, SUITE 200""
SAN FRANCISCO",,94107,UNITED STATES,'AT253140004000010328228'
10 Nov 2025,11 Nov 2025,EL PREFERIDO 99999999   CABA,5466.79,"417.200,00 ARS",,,EL PREFERIDO 99999999   CABA,"GUATEMALA 4801
CIUDAD AUTONOMA BUENOS AIRES",,C1425BUO,ARGENTINA,'AT253150004000010302905'
10 Nov 2025,11 Nov 2025,SIE*PLAYSTATIONNETWO    877-971-7669,262.74,13.91 USD,,,SIE*PLAYSTATIONNETWO    877-971-7669,"10TH FLOOR
6080 CENTER DR
LOS ANGELES
CA",,90045,UNITED STATES,'AT253150004000010302927'
09 Nov 2025,10 Nov 2025,BORGES 1975 SRL         CAP.FEDERAL,1473.13,"112.890,00 ARS",,,BORGES 1975 SRL         CAP.FEDERAL,"JORGE LUIS BORGES         0197A0
CAP.FEDERAL",,1414,ARGENTINA,'AT253140004000010329259'
09 Nov 2025,10 Nov 2025,CAUCE RESTAURANT        CAPITAL FEDERAL,2085.88,"159.850,00 ARS",,,CAUCE RESTAURANT        CAPITAL FEDERAL,"AV ALICIA M DE JUSTO      00440  LOC
CAPITAL FEDERAL",,00001001,ARGENTINA,'AT253140004000010330684'
09 Nov 2025,10 Nov 2025,FS *PUT.IO              877-327-8914,189.81,9.99 USD,,,FS *PUT.IO              877-327-8914,"801 GARDEN ST. #201
SANTA BARBARA
CA",,93101,UNITED STATES,'AT253140004000010334672'
09 Nov 2025,09 Nov 2025,MERPAGO*AURACAFE        HURLINGHAM,157.51,"12.000,00 ARS",,,MERPAGO*AURACAFE        HURLINGHAM,"GARRIDO 4359 4359
HURLINGHAM",,1686,ARGENTINA,'AT253130004000010361583'
09 Nov 2025,10 Nov 2025,MOLDE                   CAP.FEDERAL,1062.49,"81.420,00 ARS",,,MOLDE                   CAP.FEDERAL,"NICARAGUA                 04896  LOC
CAP.FEDERAL",,1414,ARGENTINA,'AT253140004000010330682'
09 Nov 2025,11 Nov 2025,PAYU-UBER 828987        BUENOSAIRES,182.26,"13.950,00 ARS",,,PAYU-UBER 828987        BUENOSAIRES,"RONDEAU 2664
PISO 6
CIUDAD AUTONOMA BUENOS AIRES",,C1262ABH,ARGENTINA,'AT253150004000010314095'
09 Nov 2025,10 Nov 2025,PAYU-UBER 828987        BUENOSAIRES,286.35,"21.940,00 ARS",,,PAYU-UBER 828987        BUENOSAIRES,"RONDEAU 2664
PISO 6
CIUDAD AUTONOMA BUENOS AIRES",,C1262ABH,ARGENTINA,'AT253140004000010338942'
09 Nov 2025,10 Nov 2025,RAPANUI 99999999        CABA,204.81,"15.600,00 ARS",,,RAPANUI 99999999        CABA,"MALABIA 2014
CIUDAD AUTONOMA BUENOS AIRES",,C1425AAA,ARGENTINA,'AT253140004000010346336'
08 Nov 2025,10 Nov 2025,CAPISANO                CAP.FEDERAL,1826.92,"140.000,00 ARS",,,CAPISANO                CAP.FEDERAL,"NICARAGUA                 04627
CAP.FEDERAL",,1414,ARGENTINA,'AT253140004000010329337'
08 Nov 2025,09 Nov 2025,DON JULIO 99999999      CABA,8098.34,"616.980,00 ARS",,,DON JULIO 99999999      CABA,"GUATEMALA 4699
CIUDAD AUTONOMA BUENOS AIRES",,C1425BUK,ARGENTINA,'AT253130004000010352871'
08 Nov 2025,10 Nov 2025,ETERNA CADENCIA         CAP.FEDERAL,378.34,"29.000,00 ARS",,,ETERNA CADENCIA         CAP.FEDERAL,"HONDURAS                  05574
CAP.FEDERAL",,1414,ARGENTINA,'AT253140004000010329517'
08 Nov 2025,10 Nov 2025,ETERNA CADENCIA         CAP.FEDERAL,1688.65,"129.400,00 ARS",,,ETERNA CADENCIA         CAP.FEDERAL,"HONDURAS                  05574
CAP.FEDERAL",,1414,ARGENTINA,'AT253140004000010329516'
08 Nov 2025,09 Nov 2025,HAVANNA MACRO           CIUDAD AUTONOMA,22.23,"1.700,00 ARS",,,HAVANNA MACRO           CIUDAD AUTONOMA,"HUMBOLDT 1695
CIUDAD AUTONOMA DE BUENOS AIRES",,C1414CTO,ARGENTINA,'AT253130004000010353555'
08 Nov 2025,10 Nov 2025,LA FAROLERA             CAPITAL FEDERAL,2827.84,"216.700,00 ARS",,,LA FAROLERA             CAPITAL FEDERAL,"JORGE LUIS BORGES         02023  LOC
CAPITAL FEDERAL",,00001425,ARGENTINA,'AT253140004000010328932'
08 Nov 2025,09 Nov 2025,MERPAGO*23CREACIONES5   TURDERA,1128.76,"86.000,00 ARS",,,MERPAGO*23CREACIONES5   TURDERA,"PRETTI 182 NULL
TURDERA",,1833,ARGENTINA,'AT253130004000010340683'
08 Nov 2025,09 Nov 2025,MERPAGO*AURACAFE        HURLINGHAM,153.51,"11.700,00 ARS",,,MERPAGO*AURACAFE        HURLINGHAM,"GARRIDO 4359 4359
HURLINGHAM",,1686,ARGENTINA,'AT253130004000010340684'
08 Nov 2025,09 Nov 2025,MERPAGO*BONDI           Palermo,881.95,"67.200,00 ARS",,,MERPAGO*BONDI           Palermo,"URIARTE 2284
PALERMO",,1425,ARGENTINA,'AT253130004000010340690'
08 Nov 2025,10 Nov 2025,PAYU-UBER 828987        BUENOSAIRES,69.13,"5.299,00 ARS",,,PAYU-UBER 828987        BUENOSAIRES,"RONDEAU 2664
PISO 6
CIUDAD AUTONOMA BUENOS AIRES",,C1262ABH,ARGENTINA,'AT253140004000010338880'
08 Nov 2025,10 Nov 2025,PAYU-UBER 828987        BUENOSAIRES,95.00,"7.285,00 ARS",,,PAYU-UBER 828987        BUENOSAIRES,"RONDEAU 2664
PISO 6
CIUDAD AUTONOMA BUENOS AIRES",,C1262ABH,ARGENTINA,'AT253140004000010338899'
08 Nov 2025,10 Nov 2025,PAYU-UBER 828987        BUENOSAIRES,190.21,"14.570,00 ARS",,,PAYU-UBER 828987        BUENOSAIRES,"RONDEAU 2664
PISO 6
CIUDAD AUTONOMA BUENOS AIRES",,C1262ABH,ARGENTINA,'AT253140004000010338903'
08 Nov 2025,09 Nov 2025,PERSONAL FLOW           CIUDAD AUTONOMA,393.86,"29.999,91 ARS",,,PERSONAL FLOW           CIUDAD AUTONOMA,"ALICIA MOREAU DE JUSTO 50
PISO 10
CIUDAD AUTONOMA BUENOS AIRES",,C1107AAB,ARGENTINA,'AT253130004000010353162'
08 Nov 2025,10 Nov 2025,VALPAL                  CAPITAL FEDERAL,600.28,"46.000,00 ARS",,,VALPAL                  CAPITAL FEDERAL,"PIERINA DEALESSI          013A0  LOC
CAPITAL FEDERAL",,1107,ARGENTINA,'AT253140004000010330683'
07 Nov 2025,07 Nov 2025,FABRIC LE PAIN HAVANNA  ARPT EZEIZA,98.41,"7.500,00 ARS",,,FABRIC LE PAIN HAVANNA  ARPT EZEIZA,"AEROP EZEIZA PISTARINI A
ARPT EZEIZA",,B1802EZE,ARGENTINA,'AT253110004000010343043'
07 Nov 2025,07 Nov 2025,FABRIC LE PAIN HAVANNA  ARPT EZEIZA,422.74,"32.200,00 ARS",,,FABRIC LE PAIN HAVANNA  ARPT EZEIZA,"AEROP EZEIZA PISTARINI A
ARPT EZEIZA",,B1802EZE,ARGENTINA,'AT253110004000010343044'
07 Nov 2025,08 Nov 2025,LA DORITA PRINCIPAL     CABA,603.80,"46.000,00 ARS",,,LA DORITA PRINCIPAL     CABA,"HUMBOLDT            01890P
CABA",,1414,ARGENTINA,'AT253120004000010296705'
07 Nov 2025,09 Nov 2025,PAYU-UBER 828987        BUENOSAIRES,490.56,"37.373,00 ARS",,,PAYU-UBER 828987        BUENOSAIRES,"RONDEAU 2664
PISO 6
CIUDAD AUTONOMA BUENOS AIRES",,C1262ABH,ARGENTINA,'AT253130004000010354978'
07 Nov 2025,09 Nov 2025,PAYU-UBER 828987        BUENOSAIRES,796.83,"60.705,00 ARS",,,PAYU-UBER 828987        BUENOSAIRES,"RONDEAU 2664
PISO 6
CIUDAD AUTONOMA BUENOS AIRES",,C1262ABH,ARGENTINA,'AT253130004000010354979'
07 Nov 2025,07 Nov 2025,WHITEPAPER.MX           SAN PEDRO GARZA,189.00,,,RFCSPM1410037E8 /REFCH_3SQUXEL5II4PBUG50,WHITEPAPER.MX           SAN PEDRO GARZA,"AV. MANUEL GOMEZ MORIN
SAN PEDRO GARZA GARCIA",,66297,MEXICO,'AT253110004000010361401'
06 Nov 2025,06 Nov 2025,MERPAGO*LEMORNE         Almagro,123.36,"9.500,00 ARS",,,MERPAGO*LEMORNE         Almagro,"26 986 986
MERCEDES",,6600,ARGENTINA,'AT253100004000010333049'
06 Nov 2025,07 Nov 2025,RSI*GRANMAHATMA         CABA,1155.74,"88.057,01 ARS",,,RSI*GRANMAHATMA         CABA,"FITZ ROY 1440
CIUDAD AUTONOMA DE BUENOS AIRES",,C1414CHT,ARGENTINA,'AT253110004000010356677'
06 Nov 2025,06 Nov 2025,UBER ONE MEMBERSHIP     HTTPS://HELP.UB,70.00,,,REFPTQYH30A,UBER ONE MEMBERSHIP     HTTPS://HELP.UB,"MR. TREUBLAAN 7
AMSTERDAM",,1097 DP,NETHERLANDS,'AT253100004000010338424'
05 Nov 2025,05 Nov 2025,MERPAGO*KAFFE           Puerto madero,66.83,"5.100,00 ARS",,,MERPAGO*KAFFE           Puerto madero,"OLGA COSSETTINI 1341
PUERTO MADERO",,1107,ARGENTINA,'AT253090004000010319039'
04 Nov 2025,05 Nov 2025,ADN NUTRITION 99999999  CABA,937.82,"71.500,00 ARS",,,ADN NUTRITION 99999999  CABA,"AVENIDA CORDOBA 4685
CIUDAD AUTONOMA BUENOS AIRES",,C1414BAE,ARGENTINA,'AT253090004000010322732'
04 Nov 2025,07 Nov 2025,CGO AUT TELCEL REGION 8 MERIDA,1585.69,,,RFCRDI841003QJ4,CGO AUT TELCEL REGION 8 MERIDA,"CALLE 31 N-92 POR 20 Y 18 A
MEXICO
MERIDA",,97128,MEXICO,'AT253110004000010354670'
04 Nov 2025,05 Nov 2025,FUEGOS DE PALERMO       CAPITAL FEDERAL,524.20,"40.000,00 ARS",,,FUEGOS DE PALERMO       CAPITAL FEDERAL,"COSTA RICA                0A602  LOC
CAPITAL FEDERAL",,1414,ARGENTINA,'AT253090004000010323459'
04 Nov 2025,04 Nov 2025,MERPAGO*1440KIOSCOS     Caba,174.90,"13.200,00 ARS",,,MERPAGO*1440KIOSCOS     Caba,"HUMAHUACA3701
CABA",,1191,ARGENTINA,'AT253080004000010331863'
04 Nov 2025,04 Nov 2025,MERPAGO*KAFFE           Puerto madero,67.47,"5.100,00 ARS",,,MERPAGO*KAFFE           Puerto madero,"OLGA COSSETTINI 1341
PUERTO MADERO",,1107,ARGENTINA,'AT253080004000010331861'
04 Nov 2025,04 Nov 2025,MERPAGO*REALROCK        Ciudad Autono,254.42,"19.200,00 ARS",,,MERPAGO*REALROCK        Ciudad Autono,"SARMIENTO 348 PISO:P.B.348
CIUDAD AUTONOMA DE BUENOS AIRES",,1041,ARGENTINA,'AT253080004000010331858'
04 Nov 2025,05 Nov 2025,OPENAI *CHATGPT SUBSCR  SAN FRANCISCO,3823.17,200.00 USD,,,OPENAI *CHATGPT SUBSCR  SAN FRANCISCO,"1455 3RD ST
SAN FRANCISCO
CA",,94158,UNITED STATES,'AT253090004000010317236'
04 Nov 2025,06 Nov 2025,PAYU-UBER 828987        BUENOSAIRES,70.00,"5.386,00 ARS",,,PAYU-UBER 828987        BUENOSAIRES,"RONDEAU 2664
PISO 6
CIUDAD AUTONOMA BUENOS AIRES",,C1262ABH,ARGENTINA,'AT253100004000010346915'
04 Nov 2025,06 Nov 2025,PAYU-UBER 828987        BUENOSAIRES,75.16,"5.783,00 ARS",,,PAYU-UBER 828987        BUENOSAIRES,"RONDEAU 2664
PISO 6
CIUDAD AUTONOMA BUENOS AIRES",,C1262ABH,ARGENTINA,'AT253100004000010346916'
03 Nov 2025,03 Nov 2025,AMAZON MX*PRIME VIDEO C MEXICO CITY,129.00,,,RFCANE140618P37 /REFTKrqaj5mx6T41Ozmio34,AMAZON MX*PRIME VIDEO C MEXICO CITY,"MANUEL AVILA CAMACHO 36
LOMAS DE CHAPULTEPEC I SECCION
MIGUEL HIDALGO
MEXICO",,11000,MEXICO,'AT253070004000010358817'
03 Nov 2025,03 Nov 2025,APPLE.COM/BILL          CUPERTINO,737.00,,,,APPLE.COM/BILL          CUPERTINO,"ONE APPLE PARKY WAY
CUPERTINO",,95014,UNITED STATES,'AT253070004000010378094'
03 Nov 2025,03 Nov 2025,MERPAGO*BADIAN          Palermo,900.34,"68.000,00 ARS",,,MERPAGO*BADIAN          Palermo,"CALLE BONPLAND 2013
PALERMO",,1414,ARGENTINA,'AT253070004000010385532'
03 Nov 2025,03 Nov 2025,MERPAGO*KAFFE           Puerto madero,67.57,"5.100,00 ARS",,,MERPAGO*KAFFE           Puerto madero,"OLGA COSSETTINI 1341
PUERTO MADERO",,1107,ARGENTINA,'AT253070004000010385529'
03 Nov 2025,03 Nov 2025,MERPAGO*LAGRANTIENDA    Villa Gesell,196.28,"14.820,00 ARS",,,MERPAGO*LAGRANTIENDA    Villa Gesell,"AVENIDA 3 3088
VILLA GESELL",,7165,ARGENTINA,'AT253070004000010385527'
03 Nov 2025,03 Nov 2025,MERPAGO*REALROCK        Ciudad Autono,217.15,"16.400,00 ARS",,,MERPAGO*REALROCK        Ciudad Autono,"SARMIENTO 348 PISO:P.B.348
CIUDAD AUTONOMA DE BUENOS AIRES",,1041,ARGENTINA,'AT253070004000010385534'
02 Nov 2025,02 Nov 2025,APPLE.COM/BILL          CUPERTINO,527.00,,,,APPLE.COM/BILL          CUPERTINO,"ONE APPLE PARKY WAY
CUPERTINO",,95014,UNITED STATES,'AT253060004000010320589'
02 Nov 2025,03 Nov 2025,MERPAGO*CDM             Ciudad Autono,409.71,"30.800,00 ARS",,,MERPAGO*CDM             Ciudad Autono,"PARAGUAY 610 PISO:10610
CIUDAD AUTONOMA DE BUENOS AIRES",,1057,ARGENTINA,'AT253070004000010379176'
02 Nov 2025,03 Nov 2025,MERPAGO*DULCECHARLOTTE  Palermo,75.91,"5.700,00 ARS",,,MERPAGO*DULCECHARLOTTE  Palermo,"BONPLAND 1903
PALERMO",,1414,ARGENTINA,'AT253070004000010379177'
02 Nov 2025,05 Nov 2025,POP HOME ELECTRO        CAPITAL FEDERAL,65.50,"5.000,00 ARS",,,POP HOME ELECTRO        CAPITAL FEDERAL,"ROBERTO FITZ ROY          01987  LOC
CAPITAL FEDERAL",,1414,ARGENTINA,'AT253090004000010323458'
02 Nov 2025,03 Nov 2025,X CORP. PAID FEATURES   BASTROP,152.59,8.00 USD,,,X CORP. PAID FEATURES   BASTROP,"SUITE 900
1355 MARKET ST
SAN FRANCISCO
CA",,94103,UNITED STATES,'AT253070004000010365668'
01 Nov 2025,02 Nov 2025,AWS EMEA                AWS.AMAZON.CO,146589.47,"7,685.32 USD",,,AWS EMEA                AWS.AMAZON.CO,"38 AVENUE JOHN F. KENNEDY
LUXEMBOURG",,L-1855,LUXEMBOURG,'AT253060004000010317538'
01 Nov 2025,02 Nov 2025,MERPAGO*CAMPOBRAVO      Ciudad Autono,609.41,"45.800,00 ARS",,,MERPAGO*CAMPOBRAVO      Ciudad Autono,"FITZ ROY 16951695
CIUDAD AUTONOMA DE BUENOS AIRES",,1414,ARGENTINA,'AT253060004000010317587'
01 Nov 2025,02 Nov 2025,MERPAGO*CINNA           Palermo,53.21,"4.000,00 ARS",,,MERPAGO*CINNA           Palermo,"PARAGUAY 4387
PALERMO",,1425,ARGENTINA,'AT253060004000010317591'
01 Nov 2025,02 Nov 2025,MERPAGO*DULCECHARLOTTE  Palermo,58.55,"4.400,00 ARS",,,MERPAGO*DULCECHARLOTTE  Palermo,"BONPLAND 1903
PALERMO",,1414,ARGENTINA,'AT253060004000010317589'
01 Nov 2025,02 Nov 2025,MERPAGO*LACANITA        Palermo,1257.16,"94.500,00 ARS",,,MERPAGO*LACANITA        Palermo,"NICARAGUA5802
PALERMO",,1414,ARGENTINA,'AT253060004000010317592'
01 Nov 2025,02 Nov 2025,MERPAGO*ONTAP           La tablada,243.38,"18.300,00 ARS",,,MERPAGO*ONTAP           La tablada,"TILCARA 29
LA TABLADA",,1766,ARGENTINA,'AT253060004000010317590'
01 Nov 2025,01 Nov 2025,PAYU-GOOGLE CLOUD 10166 CIUDAD DE MEXIC,194.88,,,RFCOLA1012082G0 /REF4180168246,PAYU-GOOGLE CLOUD 10166 CIUDAD DE MEXIC,"MONTES URALES 445 PISO 5
LOMAS DE CHAPULTEPEC I SECCION
MIGUEL HIDALGO
MEXICO",,11000,MEXICO,'AT253050003000010338320'
01 Nov 2025,02 Nov 2025,STARLINK                CIUDAD DE MEXIC,1305.00,,,RFCDME180122DU4 /REFFXRLINHORBA6,STARLINK                CIUDAD DE MEXIC,"AVENIDA INSURGENTES SUR 540
CIUDAD DE MEXIC",,06760,MEXICO,'AT253060004000010337676'
31 Oct 2025,01 Nov 2025,AEROMEXICO              CABA,79557.28,"6.054.189,00 ARS",,,AEROMEXICO              CABA,"CARLOS PELLEGRINI 1163 PISO 10
CIUDAD AUTONOMA BUENOS AIRES",,C1006ABW,ARGENTINA,'AT253050003000010344231'
31 Oct 2025,01 Nov 2025,ALMAKETO BA             CAPITAL FEDERAL,266.08,"20.000,00 ARS",,,ALMAKETO BA             CAPITAL FEDERAL,"REP DE NICARAGUA          059490 LOC
CAPITAL FEDERAL",,00001414,ARGENTINA,'AT253050003000010363723'
31 Oct 2025,31 Oct 2025,GRACIAS POR SU PAGO EN LINEA,-49900.00,,,,GRACIAS POR SU PAGO EN LINEA,,,,,'S0002530412192373368100'
31 Oct 2025,31 Oct 2025,GRACIAS POR SU PAGO EN LINEA,-49800.00,,,,GRACIAS POR SU PAGO EN LINEA,,,,,'S0002530412202374168100'
31 Oct 2025,31 Oct 2025,GRACIAS POR SU PAGO EN LINEA,-49700.00,,,,GRACIAS POR SU PAGO EN LINEA,,,,,'S0002530412202373968100'
31 Oct 2025,31 Oct 2025,GRACIAS POR SU PAGO EN LINEA,-49600.00,,,,GRACIAS POR SU PAGO EN LINEA,,,,,'S0002530412192373268100'
31 Oct 2025,31 Oct 2025,GRACIAS POR SU PAGO EN LINEA,-10594.13,,,,GRACIAS POR SU PAGO EN LINEA,,,,,'S0002530412202373768100'
31 Oct 2025,04 Nov 2025,LA DORITA               CAPITAL FEDERAL,992.97,"75.000,00 ARS",,,LA DORITA               CAPITAL FEDERAL,"HUMBOLDT                  01892  LOC
CAPITAL FEDERAL",,00001414,ARGENTINA,'AT253080004000010344595'
31 Oct 2025,01 Nov 2025,MERPAGO*KAFFE           Puerto madero,98.61,"7.500,00 ARS",,,MERPAGO*KAFFE           Puerto madero,"OLGA COSSETTINI 1341
PUERTO MADERO",,1107,ARGENTINA,'AT253050003000010351188'
31 Oct 2025,01 Nov 2025,MERPAGO*MARGHERITA      san miguel,114.25,"8.700,00 ARS",,,MERPAGO*MARGHERITA      san miguel,"BELGRANO 2396
SAN MIGUEL",,1663,ARGENTINA,'AT253050003000010351191'
31 Oct 2025,01 Nov 2025,MERPAGO*REALROCK        Ciudad Autono,68.28,"5.200,00 ARS",,,MERPAGO*REALROCK        Ciudad Autono,"SARMIENTO 348 PISO:P.B.348
CIUDAD AUTONOMA DE BUENOS AIRES",,1041,ARGENTINA,'AT253050003000010351187'
31 Oct 2025,01 Nov 2025,MERPAGO*SUPERMERCADO    Ciudad Autono,122.83,"9.350,00 ARS",,,MERPAGO*SUPERMERCADO    Ciudad Autono,"MEXICO 1868 PISO:1 DPTO:C 1868
CIUDAD AUTONOMA DE BUENOS AIRES",,1222,ARGENTINA,'AT253050003000010351189'
30 Oct 2025,31 Oct 2025,APPLE.COM/BILL          CUPERTINO,-19.71,,,,APPLE.COM/BILL          CUPERTINO,"ONE APPLE PARKY WAY
CUPERTINO",,95014,UNITED STATES,'AT253040004000010307568'
30 Oct 2025,01 Nov 2025,BIRKIN                  CAPITAL FEDERAL,481.62,"36.200,00 ARS",,,BIRKIN                  CAPITAL FEDERAL,"NICARAGUA                 06025  LOC
CAPITAL FEDERAL",,00001414,ARGENTINA,'AT253050003000010363724'
30 Oct 2025,30 Oct 2025,"GITHUB, INC.            SAN FRANCISCO",266.53,14.00 USD,,,"GITHUB, INC.            SAN FRANCISCO","275 BRANNAN STREET
SAN FRANCISCO
CA",,94107,UNITED STATES,'AT253030004000010322801'
30 Oct 2025,01 Nov 2025,LA DORITA               CAPITAL FEDERAL,537.12,"40.365,00 ARS",,,LA DORITA               CAPITAL FEDERAL,"HUMBOLDT                  01892  LOC
CAPITAL FEDERAL",,00001414,ARGENTINA,'AT253050003000010363722'
30 Oct 2025,04 Nov 2025,POP HOME ELECTRO        CAPITAL FEDERAL,59.60,"4.500,00 ARS",,,POP HOME ELECTRO        CAPITAL FEDERAL,"ROBERTO FITZ ROY          01987  LOC
CAPITAL FEDERAL",,1414,ARGENTINA,'AT253080004000010344589'
30 Oct 2025,04 Nov 2025,POP HOME ELECTRO        CAPITAL FEDERAL,132.49,"10.000,00 ARS",,,POP HOME ELECTRO        CAPITAL FEDERAL,"ROBERTO FITZ ROY          01987  LOC
CAPITAL FEDERAL",,1414,ARGENTINA,'AT253080004000010344590'
29 Oct 2025,30 Oct 2025,APPLE.COM/BILL          CUPERTINO,349.00,,,,APPLE.COM/BILL          CUPERTINO,"ONE APPLE PARKY WAY
CUPERTINO",,95014,UNITED STATES,'AT253030004000010309738'
29 Oct 2025,30 Oct 2025,APPLE.COM/BILL          CUPERTINO,587.00,,,,APPLE.COM/BILL          CUPERTINO,"ONE APPLE PARKY WAY
CUPERTINO",,95014,UNITED STATES,'AT253030004000010309735'
29 Oct 2025,30 Oct 2025,LA BOQUERIA             CAP.FEDERAL,616.08,"47.600,00 ARS",,,LA BOQUERIA             CAP.FEDERAL,"SOLER GRAL MIGUEL ESTANISL05101  OF.
CAP.FEDERAL",,1425,ARGENTINA,'AT253030004000010312805'
29 Oct 2025,30 Oct 2025,MERPAGO*BADIAN          Palermo,913.07,"66.600,00 ARS",,,MERPAGO*BADIAN          Palermo,"CALLE BONPLAND 2013
PALERMO",,1414,ARGENTINA,'AT253030004000010301399'
29 Oct 2025,30 Oct 2025,MERPAGO*PEGGYSCAFE      Palermo,61.63,"4.500,00 ARS",,,MERPAGO*PEGGYSCAFE      Palermo,"CORRIENTES AV. 3884 PISO:6 DPTO:B NULL
CIUDAD AUTONOMA DE BUENOS AIRES",,1194,ARGENTINA,'AT253030004000010301400'
29 Oct 2025,06 Nov 2025,REFUND USD TOURIST BCRA CIUDAD AUTONOMA,-1.33,"98,43 ARS",,,REFUND USD TOURIST BCRA CIUDAD AUTONOMA,"ARENALES 707
CIUDAD AUTONOMA DE BUENOS AIRES",,C1061AAA,ARGENTINA,'AT253100004000010321841'
29 Oct 2025,06 Nov 2025,REFUND USD TOURIST BCRA CIUDAD AUTONOMA,-1.15,"86,18 ARS",,,REFUND USD TOURIST BCRA CIUDAD AUTONOMA,"ARENALES 707
CIUDAD AUTONOMA DE BUENOS AIRES",,C1061AAA,ARGENTINA,'AT253100004000010321840'
29 Oct 2025,06 Nov 2025,REFUND USD TOURIST BCRA CIUDAD AUTONOMA,-0.75,"63,77 ARS",,,REFUND USD TOURIST BCRA CIUDAD AUTONOMA,"ARENALES 707
CIUDAD AUTONOMA DE BUENOS AIRES",,C1061AAA,ARGENTINA,'AT253100004000010321842'
28 Oct 2025,30 Oct 2025,FLORERIA ATLANTICO      CIUDAD AUTONOMA,1409.31,"102.800,00 ARS",,,FLORERIA ATLANTICO      CIUDAD AUTONOMA,"ARROYO 872
CIUDAD AUTONOMA BUENOS AIRES",,C1416DCF,ARGENTINA,'AT253030004000010308715'
28 Oct 2025,29 Oct 2025,MERPAGO*CHEBITUTE       Coghlan,57.30,"4.500,00 ARS",,,MERPAGO*CHEBITUTE       Coghlan,"SUPERI 3268 3268
CIUDAD AUTONOMA DE BUENOS AIRES",,1430,ARGENTINA,'AT253020004000010339046'
28 Oct 2025,29 Oct 2025,MERPAGO*NORIAMENABAR    Ciudad Autono,413.60,"32.500,00 ARS",,,MERPAGO*NORIAMENABAR    Ciudad Autono,"LIBERTADOR DEL AV. 6739NULL
CIUDAD AUTONOMA DE BUENOS AIRES",,1429,ARGENTINA,'AT253020004000010339056'
28 Oct 2025,29 Oct 2025,MERPAGO*REALROCK        Ciudad Autono,58.63,"4.600,00 ARS",,,MERPAGO*REALROCK        Ciudad Autono,"SARMIENTO 348 PISO:P.B.348
CIUDAD AUTONOMA DE BUENOS AIRES",,1041,ARGENTINA,'AT253020004000010339071'
28 Oct 2025,30 Oct 2025,URBAN SIX               CAPITAL FEDERAL,1233.87,"90.000,00 ARS",,,URBAN SIX               CAPITAL FEDERAL,"HUMBOLDT                  01981  LOC
CAPITAL FEDERAL",,00001414,ARGENTINA,'AT253030004000010328209'
27 Oct 2025,28 Oct 2025,=DLORAPPI               CABA,-96.69,"7.600,00 ARS",,,=DLORAPPI               CABA,"THAMES 1617
.
CIUDAD AUTONOMA DE BUENOS AIRES",,C1414DDG,ARGENTINA,'AT253010004000010321781'
27 Oct 2025,27 Oct 2025,=DLORAPPI               CABA,-3.77,"300,00 ARS",,,=DLORAPPI               CABA,"THAMES 1617
.
CIUDAD AUTONOMA DE BUENOS AIRES",,C1414DDG,ARGENTINA,'AT253000004000010329333'
27 Oct 2025,28 Oct 2025,=DLORAPPI               CABA,241.55,"18.980,00 ARS",,,=DLORAPPI               CABA,"THAMES 1617
.
CIUDAD AUTONOMA DE BUENOS AIRES",,C1414DDG,ARGENTINA,'AT253010004000010321780'
27 Oct 2025,28 Oct 2025,ALCHEMY                 CAPITAL FEDERAL,52.12,"4.100,00 ARS",,,ALCHEMY                 CAPITAL FEDERAL,"HUMBOLDT                  01923  LOC
CAPITAL FEDERAL",,1414,ARGENTINA,'AT253010004000010319859'
27 Oct 2025,27 Oct 2025,AUDIBLE*N49GQ96G0       AMZN.COM/BILL,282.34,14.95 USD,,,AUDIBLE*N49GQ96G0       AMZN.COM/BILL,"1 WASHINGTON PARK
NEWARK
NJ",,07102-3122,UNITED STATES,'AT253000004000010327155'
27 Oct 2025,28 Oct 2025,FUEGOS DE PALERMO       CAPITAL FEDERAL,684.60,"53.790,00 ARS",,,FUEGOS DE PALERMO       CAPITAL FEDERAL,"COSTA RICA                0A602  LOC
CAPITAL FEDERAL",,1414,ARGENTINA,'AT253010004000010319863'
27 Oct 2025,29 Oct 2025,GOOGLE *GOOGLE ONE      G.CO/HELPPAY#,395.00,,,,GOOGLE *GOOGLE ONE      G.CO/HELPPAY#,"1600 AMPHITHEATRE PARKWAY
MOUNTAIN VIEW",,94043,UNITED STATES,'AT253020004000010338770'
27 Oct 2025,28 Oct 2025,MERPAGO*CHEBITUTE       Coghlan,57.22,"4.500,00 ARS",,,MERPAGO*CHEBITUTE       Coghlan,"SUPERI 3268 3268
CIUDAD AUTONOMA DE BUENOS AIRES",,1430,ARGENTINA,'AT253010004000010330230'
27 Oct 2025,28 Oct 2025,MERPAGO*GOURMETHOUSE    Caba,29.26,"2.300,00 ARS",,,MERPAGO*GOURMETHOUSE    Caba,"11 DE SEPTIEMBRE2173
BELGRANO",,1428,ARGENTINA,'AT253010004000010330261'
27 Oct 2025,28 Oct 2025,MERPAGO*GOURMETHOUSE    Caba,769.77,"60.486,00 ARS",,,MERPAGO*GOURMETHOUSE    Caba,"11 DE SEPTIEMBRE2173
BELGRANO",,1428,ARGENTINA,'AT253010004000010330238'
27 Oct 2025,28 Oct 2025,MERPAGO*SUPERLOSARCOS   EL JAGUEL,141.26,"11.100,00 ARS",,,MERPAGO*SUPERLOSARCOS   EL JAGUEL,"BERBERENA 363 363
EL JAGUEL",,1842,ARGENTINA,'AT253010004000010330219'
26 Oct 2025,27 Oct 2025,=DLORAPPI               CABA,196.28,"15.425,50 ARS",,,=DLORAPPI               CABA,"THAMES 1617
.
CIUDAD AUTONOMA DE BUENOS AIRES",,C1414DDG,ARGENTINA,'AT253000004000010329334'
26 Oct 2025,26 Oct 2025,AMAZON MX*AD FREE FOR P MEXICO CITY,50.00,,,RFCANE140618P37 /REF77YUDFUFIri8IgP2oEwx,AMAZON MX*AD FREE FOR P MEXICO CITY,"MANUEL AVILA CAMACHO 36
LOMAS DE CHAPULTEPEC I SECCION
MIGUEL HIDALGO
MEXICO",,11000,MEXICO,'AT252990004000010316633'
26 Oct 2025,26 Oct 2025,APPLE.COM/BILL          CUPERTINO,1007.00,,,,APPLE.COM/BILL          CUPERTINO,"ONE APPLE PARKY WAY
CUPERTINO",,95014,UNITED STATES,'AT252990004000010324382'
26 Oct 2025,26 Oct 2025,CAFE SIRENA SOCIEDAD DE MEXICO CITY,69.00,,,RFCCSI020226MV4 /REFSSKMWN9J98QG96F6,CAFE SIRENA SOCIEDAD DE MEXICO CITY,"AV CAPITAN CARLOS LEON SN
PASUES 11 11 TERMINAL 2
AEPTO INTL CD MEXICO
VENUSTIANO CARRANZA
MEXICO",,15620,MEXICO,'AT252990004000010312378'
26 Oct 2025,26 Oct 2025,LOMA LINDA II T2 INT 2  MEXICO,701.50,,,RFCRRM170129DV8 /REF731453370601,LOMA LINDA II T2 INT 2  MEXICO,"CA PTO MEXICO  80
PENON DE LOS BANOS
VENUSTIANO CARRANZA
MEXICO",,15520,MEXICO,'AT252990004000010314227'
26 Oct 2025,28 Oct 2025,PAYU-UBER 828987        BUENOSAIRES,475.62,"37.365,00 ARS",,,PAYU-UBER 828987        BUENOSAIRES,"RONDEAU 2664
PISO 6
CIUDAD AUTONOMA BUENOS AIRES",,C1262ABH,ARGENTINA,'AT253010004000010315424'
26 Oct 2025,26 Oct 2025,RAPPI*RAPPI MEXICO      MEXICO CITY,4385.00,,,RFCTRA150604TW1 /REF8d11ad93-0927-4a54-8,RAPPI*RAPPI MEXICO      MEXICO CITY,"BOULEVARD MIGUEL CERVANTES SAAVEDRA
57B GRANADA
MIGUEL HIDALGO
MEXICO",,11529,MEXICO,'AT252990004000010312742'
26 Oct 2025,26 Oct 2025,UBER EATS               HTTPS://HELP.UB,498.04,,,,UBER EATS               HTTPS://HELP.UB,"MR. TREUBLAAN 7
AMSTERDAM",,1097 DP,NETHERLANDS,'AT252990004000010326273'
26 Oct 2025,26 Oct 2025,UBER TRIP               HTTPS://HELP.UB,442.31,,,,UBER TRIP               HTTPS://HELP.UB,"MR. TREUBLAAN 7
AMSTERDAM",,1097 DP,NETHERLANDS,'AT252990004000010326798'
26 Oct 2025,26 Oct 2025,VIASAT INC.             CARSLBAD,94.45,5.00 USD,,,VIASAT INC.             CARSLBAD,"6155 EL CAMINO REAL
CARLSBAD
CA",,92009,UNITED STATES,'AT252990004000010336204'
25 Oct 2025,27 Oct 2025,5FARMACIA VISAN         CIUDAD DE MEX,1000.00,,,RFCBBA830831LJ2 /REF001WSQZMMVAU,5FARMACIA VISAN         CIUDAD DE MEX,"AV STIM 64
LOMAS DEL CHAMIZAL
DF
CIUDAD DE MEXICO CDMX",,05129,MEXICO,'AT253000004000010330969'
25 Oct 2025,25 Oct 2025,BILLPOCKET*KOYI SUSHI F MERIDA,605.00,,,RFCPLA120807BK0 /REF5925587,BILLPOCKET*KOYI SUSHI F MERIDA,"14 NUM. 255 COL. VISTA ALEGRE
MERIDA",,97130,MEXICO,'AT252980004000010310807'
25 Oct 2025,25 Oct 2025,MALEZA REST             CIUDAD DE MEX,638.25,,,RFCBMI9312038R3 /REF000000000123,MALEZA REST             CIUDAD DE MEX,"CLL CUERNAVACA NO 4
CONDESA
CIUDAD DE MEXICO CDMX
CIUDAD DE MEXICO CDMX",,06140,MEXICO,'AT252980004000010330234'
25 Oct 2025,26 Oct 2025,MERCADOPAGO*BULLACONDES Cuautitlan Iz,534.75,,,RFCMAG2105031W3 /REF131312324648,MERCADOPAGO*BULLACONDES Cuautitlan Iz,"SAN MARTINMZ 31
CUAUTITLAN IZCALLI",,54744,MEXICO,'AT252990004000010320457'
25 Oct 2025,25 Oct 2025,UBER TRIP               HTTPS://HELP.UB,133.33,,,,UBER TRIP               HTTPS://HELP.UB,"MR. TREUBLAAN 7
AMSTERDAM",,1097 DP,NETHERLANDS,'AT252980004000010331598'
25 Oct 2025,25 Oct 2025,UBER TRIP               HTTPS://HELP.UB,138.48,,,,UBER TRIP               HTTPS://HELP.UB,"MR. TREUBLAAN 7
AMSTERDAM",,1097 DP,NETHERLANDS,'AT252980004000010331644'
24 Oct 2025,25 Oct 2025,ATARANTADOS             CIUDAD DE MEX,385.25,,,RFCBBA830831LJ2 /REFHCEUM3QGMZOG,ATARANTADOS             CIUDAD DE MEX,"C CORDOBA 113 L2
ROMA NORTE
DF
CIUDAD DE MEXICO CDMX",,06700,MEXICO,'AT252980004000010327891'
24 Oct 2025,25 Oct 2025,NETPAY*MARMOTA PLAZACiu Ciudad De Mexic,2305.75,,,RFCNPA0803124V6 /REF19588268,NETPAY*MARMOTA PLAZACiu Ciudad De Mexic,"PLAZA RIO DE JANEIRO 53
CUAUHTEMOC",,06700,MEXICO,'AT252980004000010341402'
24 Oct 2025,24 Oct 2025,REST NINETY NINE RECOR  CIUDAD DE MEX,600.00,,,RFCBMI9312038R3 /REF000000000057,REST NINETY NINE RECOR  CIUDAD DE MEX,"ALVARO OBREGON NO 273 BIS LOC
ROMA NORTE
CIUDAD DE MEXICO CDMX
CIUDAD DE MEXICO CDMX",,06700,MEXICO,'AT252970004000010336937'
23 Oct 2025,23 Oct 2025,AEROMEXICO 8697744      NUEVO PORTAL,8442.84,,,"CARGO 02 DE 12
RFCAME880912I89 /REFHXFNPX",AEROMEXICO 8697744      NUEVO PORTAL,"AV PASEO DE LA REFORMA 243 25
CUAUHTEMOC
CUAUHTEMOC
MEXICO",,06500,MEXICO,'AT252900204000010308683'
23 Oct 2025,24 Oct 2025,ALMANEGRA CAFE          CIUDAD DE MEX,44.00,,,RFCBMN930209927 /REF821393344971,ALMANEGRA CAFE          CIUDAD DE MEX,"CA ZACATECAS NO 180 E2
HIPODROMO
CIUDAD DE MEXICO CDMX",,06100,MEXICO,'AT252970004000010344400'
23 Oct 2025,24 Oct 2025,APPLE.COM/BILL          CUPERTINO,17.00,,,,APPLE.COM/BILL          CUPERTINO,"ONE APPLE PARKY WAY
CUPERTINO",,95014,UNITED STATES,'AT252970004000010363837'
23 Oct 2025,24 Oct 2025,APPLE.COM/BILL          CUPERTINO,129.00,,,,APPLE.COM/BILL          CUPERTINO,"ONE APPLE PARKY WAY
CUPERTINO",,95014,UNITED STATES,'AT252970004000010364141'
23 Oct 2025,24 Oct 2025,APPLE.COM/BILL          CUPERTINO,576.00,,,,APPLE.COM/BILL          CUPERTINO,"ONE APPLE PARKY WAY
CUPERTINO",,95014,UNITED STATES,'AT252970004000010364201'
23 Oct 2025,23 Oct 2025,EL PALACIO DE HIERRO DU MEXICO,3166.56,,,"CARGO 04 DE 09
RFCPHI830429MG6 /REF000000001217",EL PALACIO DE HIERRO DU MEXICO,"DURANGO 230
ROMA
CUAUHTEMOC
MEXICO",,06700,MEXICO,'AT252080404000010325280'
23 Oct 2025,25 Oct 2025,GOOGLE *NEST            G.CO/HELPPAY#,200.00,,,,GOOGLE *NEST            G.CO/HELPPAY#,"1600 AMPHITHEATRE PARKWAY
MOUNTAIN VIEW",,94043,UNITED STATES,'AT252980004000010339215'
23 Oct 2025,24 Oct 2025,GOOGLE *YOUTUBEPREMIUM  G.CO/HELPPAY#,159.00,,,,GOOGLE *YOUTUBEPREMIUM  G.CO/HELPPAY#,"1600 AMPHITHEATRE PARKWAY
MOUNTAIN VIEW",,94043,UNITED STATES,'AT252970004000010337643'
23 Oct 2025,24 Oct 2025,MERCADOPAGO*CALIMENCORP Manzanillo,2420.00,,,RFCMAG2105031W3 /REF130485082537,MERCADOPAGO*CALIMENCORP Manzanillo,"CONSTUTUCION 3
MANZANILLO",,28239,MEXICO,'AT252970004000010353883'
23 Oct 2025,23 Oct 2025,PALACIODEHIERRO DURANGO MEXICO,4263.25,,,"CARGO 05 DE 12
RFCPHI830429MG6 /REF843815",PALACIODEHIERRO DURANGO MEXICO,"DURANGO 230
ROMA
CUAUHTEMOC
MEXICO",,06700,MEXICO,'AT251880504000010316517'
23 Oct 2025,24 Oct 2025,PAYU-GOOGLE CLOUD 10166 CIUDAD DE MEXIC,200.00,,,RFCOLA1012082G0 /REF4162123086,PAYU-GOOGLE CLOUD 10166 CIUDAD DE MEXIC,"MONTES URALES 445 PISO 5
LOMAS DE CHAPULTEPEC I SECCION
MIGUEL HIDALGO
MEXICO",,11000,MEXICO,'AT252970004000010364032'
22 Oct 2025,23 Oct 2025,MERCADOPAGO*CALIMENCORP Manzanillo,1350.00,,,RFCMAG2105031W3 /REF130361765701,MERCADOPAGO*CALIMENCORP Manzanillo,"CONSTUTUCION 3
MANZANILLO",,28239,MEXICO,'AT252960004000010313785'
22 Oct 2025,23 Oct 2025,TAQ LA OCHENTA Y NUEVE  CIUDAD DE MEX,381.70,,,RFCBBA830831LJ2 /REFHCEUM3QGMZOG,TAQ LA OCHENTA Y NUEVE  CIUDAD DE MEX,"C COLIMA 134
ROMA NORTE
DF
CIUDAD DE MEXICO CDMX",,06700,MEXICO,'AT252960004000010298400'