Fecha,Fecha de Compra,Descripción,Importe,Monto en moneda extranjera,Tipo de Cambio,Información Adicional,Aparece en su Estado de Cuenta como,Dirección,Población/Provincia,Código postal,País,Referencia
22 Sep 2025,22 Sep 2025,CABLE Y COMU MORELIA SA CIUDAD DE MEXIC,719.38,,,RFCCCM010816UK4 /REF101118637380,CABLE Y COMU MORELIA SA CIUDAD DE MEXIC,"AV JAVIER BARROS SIERRA 540 TORREII
LOMAS DE SANTA FE
ALVARO OBREGON
MEXICO",,01219,MEXICO,'AT252650004000010321727'
21 Sep 2025,21 Sep 2025,*PET POINT              CUAUHTEMOC,1260.00,,,RFCFDM020722442 /REF73793215264537521702,*PET POINT              CUAUHTEMOC,"FRONTERA 175
CUAUHTEMOC",,06700,MEXICO,'AT252640004000010306361'
21 Sep 2025,21 Sep 2025,AMAZON MX MARKETPLACE*A MEXICO CITY,179.10,,,RFCANE140618P37 /REF2HPxPRyqpkYFyeASeNTq,AMAZON MX MARKETPLACE*A MEXICO CITY,"MANUEL AVILA CAMACHO 36
LOMAS DE CHAPULTEPEC I SECCION
MIGUEL HIDALGO
MEXICO",,11000,MEXICO,'AT252640004000010301631'
21 Sep 2025,22 Sep 2025,AMAZON MX MARKETPLACE*A MEXICO CITY,415.24,,,RFCANE140618P37 /REF1iLamFGbqO9WveboISU5,AMAZON MX MARKETPLACE*A MEXICO CITY,"MANUEL AVILA CAMACHO 36
LOMAS DE CHAPULTEPEC I SECCION
MIGUEL HIDALGO
MEXICO",,11000,MEXICO,'AT252650004000010304353'
21 Sep 2025,22 Sep 2025,MERCADOPAGO*MISEENPRINT Benito ju?rez,4325.00,,,RFCMAG2105031W3 /REF127035771514,MERCADOPAGO*MISEENPRINT Benito ju?rez,"AVENIDA CUAHUTEMOC 828
BENITO JUAREZ",,03020,MEXICO,'AT252650004000010313282'
21 Sep 2025,21 Sep 2025,REST SUCURSAL ALFIL     CUAUHTEMOC,1578.50,,,RFCBLI120726UF6 /REF8V9Y49KDFX8F,REST SUCURSAL ALFIL     CUAUHTEMOC,"AVENIDA SONORA 57
CUAUHTEMOC",,06700,MEXICO,'AT252640004000010308123'
21 Sep 2025,21 Sep 2025,SPOTIFY MX              MEXICO,139.00,,,,SPOTIFY MX              MEXICO,"""4TH FLOOR, 25 ARGYLL STREET""
LONDON",,W1F 7TU,UNITED KINGDOM,'AT252640004000010315454'
21 Sep 2025,22 Sep 2025,UBER EATS               HTTPS://HELP.UB,40.00,,,,UBER EATS               HTTPS://HELP.UB,"MR. TREUBLAAN 7
AMSTERDAM",,1097 DP,NETHERLANDS,'AT252650004000010320156'
21 Sep 2025,21 Sep 2025,UBER EATS               HTTPS://HELP.UB,1382.85,,,,UBER EATS               HTTPS://HELP.UB,"MR. TREUBLAAN 7
AMSTERDAM",,1097 DP,NETHERLANDS,'AT252640004000010291857'
20 Sep 2025,21 Sep 2025,DELIRIO                 MEXICO,460.00,,,RFCDMP091217MG3 /REF001989,DELIRIO                 MEXICO,"MONTERREY 116
ROMA NORTE
CUAUHTEMOC
MEXICO",,06700,MEXICO,'AT252640004000010309450'
20 Sep 2025,21 Sep 2025,MERCADOPAGO*CALIMENCORP Manzanillo,2745.00,,,RFCMAG2105031W3 /REF126931293670,MERCADOPAGO*CALIMENCORP Manzanillo,"CONSTUTUCION 3
MANZANILLO",,28239,MEXICO,'AT252640004000010292773'
20 Sep 2025,21 Sep 2025,REST PAST FICELLE       CIUDAD DE MEX,713.00,,,RFCBBA830831LJ2 /REFROSH2I5ZHRGL,REST PAST FICELLE       CIUDAD DE MEX,"C TAMAULIPAS 39
CONDESA
DF
CIUDAD DE MEXICO CDMX",,06140,MEXICO,'AT252640004000010312729'
20 Sep 2025,21 Sep 2025,UBER EATS               HTTPS://HELP.UB,670.41,,,,UBER EATS               HTTPS://HELP.UB,"MR. TREUBLAAN 7
AMSTERDAM",,1097 DP,NETHERLANDS,'AT252640004000010304480'
19 Sep 2025,19 Sep 2025,NETFLIX.COM             LOS GATOS,471.22,24.99 USD,,,NETFLIX.COM             LOS GATOS,"121 ALBRIGHT WAY
LOS GATOS
CA
MILPITAS",,95032-1815,UNITED STATES,'AT252620004000010329667'
19 Sep 2025,19 Sep 2025,REST ARDA               CIUDAD DE MEX,1679.00,,,RFCBMI9312038R3 /REF000000000093,REST ARDA               CIUDAD DE MEX,"CLL YUCATAN NO 96
ROMA NORTE
CIUDAD DE MEXICO CDMX
CIUDAD DE MEXICO CDMX",,06700,MEXICO,'AT252620004000010339014'
19 Sep 2025,19 Sep 2025,REST EL PARNITA         CIUDAD DE MEX,1001.00,,,RFCBMI9312038R3 /REF000000000415,REST EL PARNITA         CIUDAD DE MEX,"YUCATAN NO 84 3 D
ROMA NORTE
CIUDAD DE MEXICO CDMX
CIUDAD DE MEXICO CDMX",,06700,MEXICO,'AT252620004000010339013'
19 Sep 2025,20 Sep 2025,WWW.MUBI.COM            NEW YORK,179.00,,,,WWW.MUBI.COM            NEW YORK,"215 PARK AVENUE SOUTH FL 12
NEW YORK",,10003,UNITED STATES,'AT252630004000010316945'
18 Sep 2025,18 Sep 2025,ANTHROPIC               SAN FRANCISCO,4714.18,250.00 USD,,,ANTHROPIC               SAN FRANCISCO,"731 SANSOME ST
SAN FRANCISCO
CA",,94111,UNITED STATES,'AT252610004000010303846'
18 Sep 2025,18 Sep 2025,UBER EATS               HTTPS://HELP.UB,887.55,,,,UBER EATS               HTTPS://HELP.UB,"MR. TREUBLAAN 7
AMSTERDAM",,1097 DP,NETHERLANDS,'AT252610004000010324875'
17 Sep 2025,18 Sep 2025,AQUI ANTIGUEDADES       CIUDAD DE MEX,700.00,,,RFCBBA830831LJ2 /REFI2NUE6JN0IQM,AQUI ANTIGUEDADES       CIUDAD DE MEX,"C HUICHAPAN 22
HIPODROMO
DF
CIUDAD DE MEXICO CDMX",,06100,MEXICO,'AT252610004000010314154'
17 Sep 2025,18 Sep 2025,CASAS DE COMIDA DEGU S  CIUDAD DE MEX,788.90,,,RFCBBA830831LJ2 /REFHDU47D2NYDCI,CASAS DE COMIDA DEGU S  CIUDAD DE MEX,"C HUICHAPAN 25 1
HIPODROMO
DF
CIUDAD DE MEXICO CDMX",,06100,MEXICO,'AT252610004000010313892'
17 Sep 2025,18 Sep 2025,PLANET OF THE VAPES 690 AUSTIN,2001.64,106.15 USD,,,PLANET OF THE VAPES 690 AUSTIN,"2028 E BEN WHITE BLVD STE
AUSTIN
TX",,78741,UNITED STATES,'AT252610004000010317443'
15 Sep 2025,15 Sep 2025,LE PAIN QUOTIDIEN CONDE MEXICO,842.95,,,RFCOLP080326HW2 /REF000107,LE PAIN QUOTIDIEN CONDE MEXICO,"AV AMSTERDAM 309
HIPODROMO CONDESA
CUAUHTEMOC
MEXICO",,06140,MEXICO,'AT252580004000010369170'
15 Sep 2025,15 Sep 2025,REST MYKA CONDESA       CIUDAD DE MEX,255.00,,,RFCBMI9312038R3 /REF000000000044,REST MYKA CONDESA       CIUDAD DE MEX,"TEOTIHUACAN NO 13 LOC B 0
HIPODROMO
CIUDAD DE MEXICO CDMX
CIUDAD DE MEXICO CDMX",,06100,MEXICO,'AT252580004000010351095'
15 Sep 2025,15 Sep 2025,ROTOPLAS SERVICIO       CDMX,369.00,,,RFCOPE130906HN4 /REFGH1BIOEMB1SW,ROTOPLAS SERVICIO       CDMX,"5 DE FEBRERO 1351 - 202
SEQUOIA 202
FELIPE CARRILLO PUERTO
QUERETARO",,76138,MEXICO,'AT252580004000010363731'
15 Sep 2025,15 Sep 2025,UBER EATS               HTTPS://HELP.UB,50.00,,,,UBER EATS               HTTPS://HELP.UB,"MR. TREUBLAAN 7
AMSTERDAM",,1097 DP,NETHERLANDS,'AT252580004000010380029'
15 Sep 2025,15 Sep 2025,UBER EATS               HTTPS://HELP.UB,874.22,,,,UBER EATS               HTTPS://HELP.UB,"MR. TREUBLAAN 7
AMSTERDAM",,1097 DP,NETHERLANDS,'AT252580004000010378871'
14 Sep 2025,14 Sep 2025,UBER EATS               HTTPS://HELP.UB,716.85,,,,UBER EATS               HTTPS://HELP.UB,"MR. TREUBLAAN 7
AMSTERDAM",,1097 DP,NETHERLANDS,'AT252570004000010300575'
14 Sep 2025,14 Sep 2025,UBER TRIP               HTTPS://HELP.UB,488.22,,,,UBER TRIP               HTTPS://HELP.UB,"MR. TREUBLAAN 7
AMSTERDAM",,1097 DP,NETHERLANDS,'AT252570004000010302021'
14 Sep 2025,14 Sep 2025,UBER TRIP               HTTPS://HELP.UB,547.68,,,,UBER TRIP               HTTPS://HELP.UB,"MR. TREUBLAAN 7
AMSTERDAM",,1097 DP,NETHERLANDS,'AT252570004000010301533'
13 Sep 2025,13 Sep 2025,APPLE.COM/BILL          CUPERTINO,199.00,,,,APPLE.COM/BILL          CUPERTINO,"ONE APPLE PARKY WAY
CUPERTINO",,95014,UNITED STATES,'AT252560004000010303321'
13 Sep 2025,14 Sep 2025,THE REST IS HISTORY     HAYWARDS HEATH,154.64,6.00 GBP,,,THE REST IS HISTORY     HAYWARDS HEATH,"""21 PERRYMOUNT ROAD, 3RD FLOOR""
HAYWARDS HEATH",,RH16,UNITED KINGDOM,'AT252570004000010300107'
13 Sep 2025,13 Sep 2025,UBER EATS               HTTPS://HELP.UB,816.45,,,,UBER EATS               HTTPS://HELP.UB,"MR. TREUBLAAN 7
AMSTERDAM",,1097 DP,NETHERLANDS,'AT252560004000010286554'
13 Sep 2025,14 Sep 2025,UBER TRIP               HTTPS://HELP.UB,134.40,,,,UBER TRIP               HTTPS://HELP.UB,"MR. TREUBLAAN 7
AMSTERDAM",,1097 DP,NETHERLANDS,'AT252570004000010301498'
13 Sep 2025,13 Sep 2025,UBER TRIP               HTTPS://HELP.UB,190.04,,,,UBER TRIP               HTTPS://HELP.UB,"MR. TREUBLAAN 7
AMSTERDAM",,1097 DP,NETHERLANDS,'AT252560004000010291580'
12 Sep 2025,12 Sep 2025,AMAZON MX*EBOOKS MX     MEXICO CITY,277.20,,,RFCAMS130507JI3 /REF1EKdlq4oXn8U3O8K9dWL,AMAZON MX*EBOOKS MX     MEXICO CITY,"MANUEL AVILA CAMACHO 36
LOMAS DE CHAPULTEPEC I SECCION
MIGUEL HIDALGO
MEXICO",,11000,MEXICO,'AT252550004000010333950'
12 Sep 2025,12 Sep 2025,PH ORIGINAL             TLALNEPANTLA,-13912.75,,,RFCPOR2209074V0 /REF8419716,PH ORIGINAL             TLALNEPANTLA,"CERRO DE LAS CAMPANAS O 30 3
SAN ANDRES ATENCO
TLALNEPANTLA DE BAZ
TLALNEPANTLA DE BAZ",,54040,MEXICO,'AT252550004000010315272'
12 Sep 2025,12 Sep 2025,REST DR PIZZA CONDESA 0 CIUDAD DE MEX,1122.00,,,RFCEMS0912039N7,REST DR PIZZA CONDESA 0 CIUDAD DE MEX,"PZA POPOCATEPETL 41
HIPODROMO
CIUDAD DE MEXICO CDMX",,06100,MEXICO,'AT252550004000010334123'
12 Sep 2025,12 Sep 2025,TELEFONOS DE MEXICO SAB CIUDAD DE MEXIC,1078.00,,,RFCTME840315KT6 /REF101094678386,TELEFONOS DE MEXICO SAB CIUDAD DE MEXIC,"PARQUE VIA 198 PISO 11
CUAUHTEMOC
CUAUHTEMOC
MEXICO",,06599,MEXICO,'AT252550004000010328974'
11 Sep 2025,12 Sep 2025,TAQ LA OCHENTA Y NUEVE  CIUDAD DE MEX,587.40,,,RFCBBA830831LJ2 /REFGRJKHB0KPRZD,TAQ LA OCHENTA Y NUEVE  CIUDAD DE MEX,"C COLIMA 134
ROMA NORTE
DF
CIUDAD DE MEXICO CDMX",,06700,MEXICO,'AT252550004000010316522'
10 Sep 2025,11 Sep 2025,FS *PUT.IO              877-327-8914,190.74,9.99 USD,,,FS *PUT.IO              877-327-8914,"801 GARDEN ST. #201
SANTA BARBARA
CA",,93101,UNITED STATES,'AT252540004000010272828'
10 Sep 2025,11 Sep 2025,GONZALITOS TAQUERIA S   CIUDAD DE MEX,367.40,,,RFCBBA830831LJ2 /REFXSQ2NAA4NO6O,GONZALITOS TAQUERIA S   CIUDAD DE MEX,"C COLIMA 76 DPTO LOCAL 76
ROMA NORTE
DF
CIUDAD DE MEXICO CDMX",,06700,MEXICO,'AT252540004000010278450'
10 Sep 2025,11 Sep 2025,PLAYSTATION NETWORK     800-345-7669,265.59,13.91 USD,,,PLAYSTATION NETWORK     800-345-7669,"10TH FLOOR
6080 CENTER DR
LOS ANGELES
CA",,90045,UNITED STATES,'AT252540004000010278916'
10 Sep 2025,11 Sep 2025,PLAYSTATION NETWORK     800-345-7669,1771.54,92.78 USD,,,PLAYSTATION NETWORK     800-345-7669,"10TH FLOOR
6080 CENTER DR
LOS ANGELES
CA",,90045,UNITED STATES,'AT252540004000010278903'
10 Sep 2025,10 Sep 2025,UNITED PARCEL SERVICE D MEXICO CITY,1922.50,,,RFCUPS891122HV8 /REF1ZG3A2836715738611C3,UNITED PARCEL SERVICE D MEXICO CITY,"EUGENIA 189
NARVARTE ORIENTE
NARVARTE ORIENTE
BENITO JUAREZ
MEXICO",,03020,MEXICO,'AT252530006000010327765'
09 Sep 2025,09 Sep 2025,AMAZON MX*AMAZON RETAIL MEXICO CITY,596.99,,,RFCANE140618P37 /REF1ssqOpJshVhWFjVfpDaJ,AMAZON MX*AMAZON RETAIL MEXICO CITY,"MANUEL AVILA CAMACHO 36
LOMAS DE CHAPULTEPEC I SECCION
MIGUEL HIDALGO
MEXICO",,11000,MEXICO,'AT252520004000010318886'
09 Sep 2025,10 Sep 2025,AMAZON MX*AMAZON RETAIL MEXICO CITY,12999.00,,,RFCANE140618P37 /REF28RQs7ELK7ZZ6iNGD3vh,AMAZON MX*AMAZON RETAIL MEXICO CITY,"MANUEL AVILA CAMACHO 36
LOMAS DE CHAPULTEPEC I SECCION
MIGUEL HIDALGO
MEXICO",,11000,MEXICO,'AT252530006000010312384'
09 Sep 2025,10 Sep 2025,REST CHORIPA            CIUDAD DE MEX,485.65,,,RFCBBA830831LJ2 /REFXV90SI0LCDPV,REST CHORIPA            CIUDAD DE MEX,"C ZACATECAS 143
ROMA NORTE
DF
CIUDAD DE MEXICO CDMX",,06700,MEXICO,'AT252530006000010319749'
08 Sep 2025,10 Sep 2025,AMAZON MX MARKETPLACE*A MEXICO CITY,752.39,,,RFCANE140618P37 /REF2CqO36zyQFY1PsrWkLrm,AMAZON MX MARKETPLACE*A MEXICO CITY,"MANUEL AVILA CAMACHO 36
LOMAS DE CHAPULTEPEC I SECCION
MIGUEL HIDALGO
MEXICO",,11000,MEXICO,'AT252530006000010330175'
08 Sep 2025,09 Sep 2025,RESTAURAT CAMOMILA      CIUDAD DE MEX,319.00,,,RFCBBA830831LJ2 /REFTJCDDNFTENA0,RESTAURAT CAMOMILA      CIUDAD DE MEX,"C MERIDA 122
ROMA NORTE
DF
CIUDAD DE MEXICO CDMX",,06700,MEXICO,'AT252520004000010315369'
08 Sep 2025,08 Sep 2025,VIAGOGO ENTERTAINMENT I NEW YORK,13851.73,723.00 USD,,,VIAGOGO ENTERTAINMENT I NEW YORK,"888 SEVENTH AVE SUITE 302
NEW YORK
NY",,10016,UNITED STATES,'AT252510004000010305339'
07 Sep 2025,08 Sep 2025,AMAZON MX MARKETPLACE*A MEXICO CITY,522.55,,,RFCANE140618P37 /REF16X0JBglDLxxJzrdiqoF,AMAZON MX MARKETPLACE*A MEXICO CITY,"MANUEL AVILA CAMACHO 36
LOMAS DE CHAPULTEPEC I SECCION
MIGUEL HIDALGO
MEXICO",,11000,MEXICO,'AT252510004000010326848'
07 Sep 2025,07 Sep 2025,AMAZON MX*AMAZON RETAIL MEXICO CITY,504.07,,,RFCANE140618P37 /REF2UYCqrRriENn7kBxWiXD,AMAZON MX*AMAZON RETAIL MEXICO CITY,"MANUEL AVILA CAMACHO 36
LOMAS DE CHAPULTEPEC I SECCION
MIGUEL HIDALGO
MEXICO",,11000,MEXICO,'AT252500004000010320124'
07 Sep 2025,07 Sep 2025,AMAZON MX*AMAZON RETAIL MEXICO CITY,1199.00,,,RFCANE140618P37 /REFQpAdgQZhbqCYOHJ5tTuh,AMAZON MX*AMAZON RETAIL MEXICO CITY,"MANUEL AVILA CAMACHO 36
LOMAS DE CHAPULTEPEC I SECCION
MIGUEL HIDALGO
MEXICO",,11000,MEXICO,'AT252500004000010320053'
07 Sep 2025,07 Sep 2025,COMISION FEDERAL DE ELE Mexico 484,2309.00,,,RFCCFE370814QI0 /REF972180600843,COMISION FEDERAL DE ELE Mexico 484,"PASEO DE LA REFORMA 164
JUAREZ
CUAUHTEMOC
MEXICO",,06600,MEXICO,'AT252500004000010329008'
07 Sep 2025,07 Sep 2025,REST JOWONG             CIUDAD DE MEX,250.00,,,RFCBMI9312038R3 /REF000000000134,REST JOWONG             CIUDAD DE MEX,"PACHUCA NO 51
CONDESA
CIUDAD DE MEXICO CDMX
CIUDAD DE MEXICO CDMX",,06140,MEXICO,'AT252500004000010312319'
07 Sep 2025,07 Sep 2025,REST MYKA CONDESA       CIUDAD DE MEX,285.00,,,RFCBMI9312038R3 /REF000000000912,REST MYKA CONDESA       CIUDAD DE MEX,"TEOTIHUACAN NO 13 LOC B 0
HIPODROMO
CIUDAD DE MEXICO CDMX
CIUDAD DE MEXICO CDMX",,06100,MEXICO,'AT252500004000010312276'
07 Sep 2025,07 Sep 2025,UBER EATS               HTTPS://HELP.UB,1299.55,,,,UBER EATS               HTTPS://HELP.UB,"MR. TREUBLAAN 7
AMSTERDAM",,1097 DP,NETHERLANDS,'AT252500004000010326619'
07 Sep 2025,07 Sep 2025,UBER TRIP               HTTPS://HELP.UB,103.81,,,,UBER TRIP               HTTPS://HELP.UB,"MR. TREUBLAAN 7
AMSTERDAM",,1097 DP,NETHERLANDS,'AT252500004000010303141'
07 Sep 2025,07 Sep 2025,UBER TRIP               HTTPS://HELP.UB,150.72,,,,UBER TRIP               HTTPS://HELP.UB,"MR. TREUBLAAN 7
AMSTERDAM",,1097 DP,NETHERLANDS,'AT252500004000010303453'
07 Sep 2025,07 Sep 2025,WHITEPAPER.MX           SAN PEDRO GARZA,189.00,,,RFCSPM1410037E8 /REFCH_3S4NULL5II4PBUG50,WHITEPAPER.MX           SAN PEDRO GARZA,"AV. MANUEL GOMEZ MORIN
SAN PEDRO GARZA GARCIA",,66297,MEXICO,'AT252500004000010300177'
06 Sep 2025,06 Sep 2025,AMAZON MX MARKETPLACE*A MEXICO CITY,109.00,,,RFCANE140618P37 /REF1HqiSSLuAE7MngDaGtqX,AMAZON MX MARKETPLACE*A MEXICO CITY,"MANUEL AVILA CAMACHO 36
LOMAS DE CHAPULTEPEC I SECCION
MIGUEL HIDALGO
MEXICO",,11000,MEXICO,'AT252490009000010296229'
06 Sep 2025,06 Sep 2025,AMAZON MX MARKETPLACE*A MEXICO CITY,564.96,,,RFCANE140618P37 /REF1nojrg3KsG7UtL07lyl1,AMAZON MX MARKETPLACE*A MEXICO CITY,"MANUEL AVILA CAMACHO 36
LOMAS DE CHAPULTEPEC I SECCION
MIGUEL HIDALGO
MEXICO",,11000,MEXICO,'AT252490009000010313015'
06 Sep 2025,06 Sep 2025,ETSY.COM - HISTORILICIO IRELAND,1176.96,,,,ETSY.COM - HISTORILICIO IRELAND,"66/67 GREAT STRAND STREET
DUBLIN",,D01 RW84,IRELAND,'AT252490009000010299359'
06 Sep 2025,07 Sep 2025,MERCADOPAGO*ORUJO       Cuauht?moc,552.00,,,RFCMAG2105031W3 /REF125173557310,MERCADOPAGO*ORUJO       Cuauht?moc,"AMSTERDAM 312
CUAUHTEMOC",,06100,MEXICO,'AT252500004000010300790'
06 Sep 2025,06 Sep 2025,UBER EATS               HTTPS://HELP.UB,1406.89,,,,UBER EATS               HTTPS://HELP.UB,"MR. TREUBLAAN 7
AMSTERDAM",,1097 DP,NETHERLANDS,'AT252490009000010291567'
06 Sep 2025,06 Sep 2025,UBER ONE MEMBERSHIP     HTTPS://HELP.UB,70.00,,,REFHG3TPRZ6,UBER ONE MEMBERSHIP     HTTPS://HELP.UB,"MR. TREUBLAAN 7
AMSTERDAM",,1097 DP,NETHERLANDS,'AT252490009000010293176'
05 Sep 2025,05 Sep 2025,ANTHROPIC               SAN FRANCISCO,4795.88,250.00 USD,,,ANTHROPIC               SAN FRANCISCO,"731 SANSOME ST
SAN FRANCISCO
CA",,94111,UNITED STATES,'AT252480004000010370084'
05 Sep 2025,06 Sep 2025,LE PAIN QUOTIDIEN CONDE MEXICO,338.10,,,RFCOLP080326HW2 /REF001394,LE PAIN QUOTIDIEN CONDE MEXICO,"AV AMSTERDAM 309
HIPODROMO CONDESA
CUAUHTEMOC
MEXICO",,06140,MEXICO,'AT252490009000010297801'
04 Sep 2025,05 Sep 2025,ATARANTADOS             CIUDAD DE MEX,370.00,,,RFCBBA830831LJ2 /REFFQUGYJYAJBKH,ATARANTADOS             CIUDAD DE MEX,"C CORDOBA 113 L2
ROMA NORTE
DF
CIUDAD DE MEXICO CDMX",,06700,MEXICO,'AT252480004000010356053'
04 Sep 2025,05 Sep 2025,CGO AUT TELCEL REGION 8 MERIDA,644.61,,,RFCRDI841003QJ4,CGO AUT TELCEL REGION 8 MERIDA,"CALLE 31 N-92 POR 20 Y 18 A
MEXICO
MERIDA",,97128,MEXICO,'AT252480004000010342575'
04 Sep 2025,05 Sep 2025,OPENAI *CHATGPT SUBSCR  SAN FRANCISCO,3852.83,200.00 USD,,,OPENAI *CHATGPT SUBSCR  SAN FRANCISCO,"1455 3RD ST
SAN FRANCISCO
CA",,94158,UNITED STATES,'AT252480004000010358071'
03 Sep 2025,03 Sep 2025,AMAZON MX*PRIME VIDEO C MEXICO CITY,129.00,,,RFCANE140618P37 /REFz5hg5HntkNhCNpt3ywRO,AMAZON MX*PRIME VIDEO C MEXICO CITY,"MANUEL AVILA CAMACHO 36
LOMAS DE CHAPULTEPEC I SECCION
MIGUEL HIDALGO
MEXICO",,11000,MEXICO,'AT252460004000010356143'
03 Sep 2025,04 Sep 2025,GONZALITOS TAQUERIA S   CIUDAD DE MEX,367.40,,,RFCBBA830831LJ2 /REFXBERJE0RHLFE,GONZALITOS TAQUERIA S   CIUDAD DE MEX,"C COLIMA 76 DPTO LOCAL 76
ROMA NORTE
DF
CIUDAD DE MEXICO CDMX",,06700,MEXICO,'AT252470004000010288897'
03 Sep 2025,03 Sep 2025,GRACIAS POR SU PAGO EN LINEA,-49900.00,,,,GRACIAS POR SU PAGO EN LINEA,,,,,'S0002524701520620568100'
03 Sep 2025,03 Sep 2025,GRACIAS POR SU PAGO EN LINEA,-49800.00,,,,GRACIAS POR SU PAGO EN LINEA,,,,,'S0002524701520618968100'
03 Sep 2025,03 Sep 2025,GRACIAS POR SU PAGO EN LINEA,-49700.00,,,,GRACIAS POR SU PAGO EN LINEA,,,,,'S0002524701520619368100'
03 Sep 2025,03 Sep 2025,GRACIAS POR SU PAGO EN LINEA,-49600.00,,,,GRACIAS POR SU PAGO EN LINEA,,,,,'S0002524701520619168100'
03 Sep 2025,03 Sep 2025,GRACIAS POR SU PAGO EN LINEA,-49500.00,,,,GRACIAS POR SU PAGO EN LINEA,,,,,'S0002524701520619568100'
03 Sep 2025,03 Sep 2025,GRACIAS POR SU PAGO EN LINEA,-49400.00,,,,GRACIAS POR SU PAGO EN LINEA,,,,,'S0002524701520619768100'
03 Sep 2025,03 Sep 2025,GRACIAS POR SU PAGO EN LINEA,-19255.65,,,,GRACIAS POR SU PAGO EN LINEA,,,,,'S0002524701520618768100'
02 Sep 2025,02 Sep 2025,AMAZON MX MARKETPLACE*A MEXICO CITY,189.00,,,RFCANE140618P37 /REFjOosxAmMLpoOAQf9Yohl,AMAZON MX MARKETPLACE*A MEXICO CITY,"MANUEL AVILA CAMACHO 36
LOMAS DE CHAPULTEPEC I SECCION
MIGUEL HIDALGO
MEXICO",,11000,MEXICO,'AT252450004000010310409'
02 Sep 2025,03 Sep 2025,ANTHROPIC               SAN FRANCISCO,4803.07,250.00 USD,,,ANTHROPIC               SAN FRANCISCO,"731 SANSOME ST
SAN FRANCISCO
CA",,94111,UNITED STATES,'AT252460004000010372538'
02 Sep 2025,03 Sep 2025,ETSY.COM - RUGSRUNNER E IRELAND,7329.77,,,,ETSY.COM - RUGSRUNNER E IRELAND,"66/67 GREAT STRAND STREET
DUBLIN",,D01 RW84,IRELAND,'AT252460004000010371127'
02 Sep 2025,03 Sep 2025,LE PAIN QUOTIDIEN ROMA  MEXICO,323.40,,,RFCOLP080326HW2 /REF000111,LE PAIN QUOTIDIEN ROMA  MEXICO,"MONTERREY 104
ROMA
CUAUHTEMOC
MEXICO",,06700,MEXICO,'AT252460004000010374277'
02 Sep 2025,03 Sep 2025,X CORP. PAID FEATURES   BASTROP,153.70,8.00 USD,,,X CORP. PAID FEATURES   BASTROP,"SUITE 900
1355 MARKET ST
SAN FRANCISCO
CA",,94103,UNITED STATES,'AT252460004000010368028'
01 Sep 2025,03 Sep 2025,AMAZON MX MARKETPLACE*A MEXICO CITY,549.38,,,RFCANE140618P37 /REF3k7du51uiLKyYwTcgJYZ,AMAZON MX MARKETPLACE*A MEXICO CITY,"MANUEL AVILA CAMACHO 36
LOMAS DE CHAPULTEPEC I SECCION
MIGUEL HIDALGO
MEXICO",,11000,MEXICO,'AT252460004000010373795'
01 Sep 2025,02 Sep 2025,DEMERGE MEXICO RB       MEXICO,1305.00,,,RFCDME180122DU4 /REFVVEXPE4E1ICI,DEMERGE MEXICO RB       MEXICO,"GENERAL BENJAMIN HILL 1 PISO 1
HIPODROMO CONDESA
CUAUHTEMOC
MEXICO",,06170,MEXICO,'AT252450004000010308116'
01 Sep 2025,02 Sep 2025,MERCADOPAGO*SMOKESHOPCD Tijuana,125.00,,,RFCMAG2105031W3 /REF123971660659,MERCADOPAGO*SMOKESHOPCD Tijuana,"PEIV VISO  12822
TIJUANA",,22170,MEXICO,'AT252450004000010296582'
01 Sep 2025,01 Sep 2025,"NESPRESSO MEXICO, S.A.  MEXICO",320.00,,,RFCAME1405134M6 /REF######dJlkq7,"NESPRESSO MEXICO, S.A.  MEXICO","DURANGO 230
ROMA NORTE
CUAUHTEMOC
MEXICO",,06700,MEXICO,'AT252440004000010319107'
01 Sep 2025,02 Sep 2025,PALACIODEHIERRO DURANGO MEXICO,1049.80,,,RFCPHI830429MG6 /REF875353,PALACIODEHIERRO DURANGO MEXICO,"DURANGO 230
ROMA
CUAUHTEMOC
MEXICO",,06700,MEXICO,'AT252450004000010303226'
01 Sep 2025,01 Sep 2025,PAYU-GOOGLE CLOUD 10166 CIUDAD DE MEXIC,194.88,,,RFCOLA1012082G0 /REF4053349516,PAYU-GOOGLE CLOUD 10166 CIUDAD DE MEXIC,"MONTES URALES 445 PISO 5
LOMAS DE CHAPULTEPEC I SECCION
MIGUEL HIDALGO
MEXICO",,11000,MEXICO,'AT252440004000010340358'
01 Sep 2025,02 Sep 2025,RESTAURAT CAMOMILA      CIUDAD DE MEX,341.00,,,RFCBBA830831LJ2 /REFZ9114SPN8ZKT,RESTAURAT CAMOMILA      CIUDAD DE MEX,"C MERIDA 122
ROMA NORTE
DF
CIUDAD DE MEXICO CDMX",,06700,MEXICO,'AT252450004000010292589'
31 Aug 2025,31 Aug 2025,BILLPOCKET*ABRASAMAR 9C MIGUEL HIDALG,2409.25,,,RFCPLA120807BK0 /REF5654405,BILLPOCKET*ABRASAMAR 9C MIGUEL HIDALG,"""HOMERO NUM. 229, INT. 501, COL. POLANCO""
MIGUEL HIDALG",,11560,MEXICO,'AT252430004000010286615'
31 Aug 2025,01 Sep 2025,MERCADOPAGO*LOLO        Cuauht?moc,350.00,,,RFCMAG2105031W3 /REF124368726988,MERCADOPAGO*LOLO        Cuauht?moc,"CERRADA ORIZABA 246
CUAUHTEMOC",,06700,MEXICO,'AT252440004000010317109'
31 Aug 2025,01 Sep 2025,NETPAY*GRUPO COLUMPIO 7 Ciudad De Mexic,10500.00,,,RFCNPA0803124V6 /REF19001411,NETPAY*GRUPO COLUMPIO 7 Ciudad De Mexic,"FERNANDO MONTES DE OCA 43
CUAUHTEMOC",,06140,MEXICO,'AT252440004000010324788'
31 Aug 2025,01 Sep 2025,UBER TRIP               HTTPS://HELP.UB,129.53,,,,UBER TRIP               HTTPS://HELP.UB,"MR. TREUBLAAN 7
AMSTERDAM",,1097 DP,NETHERLANDS,'AT252440004000010340811'
30 Aug 2025,01 Sep 2025,AMAZON MKTPL*X92BT9QK3  AMZN.COM/BILL,621.81,,,,AMAZON MKTPL*X92BT9QK3  AMZN.COM/BILL,"440 TERRY AVE N
SEATTLE",,98109,UNITED STATES,'AT252440004000010338949'
30 Aug 2025,31 Aug 2025,BAR MOG BISTRO 00038147 CIUDAD DE MEX,968.00,,,RFCEMS0912039N7,BAR MOG BISTRO 00038147 CIUDAD DE MEX,"FRONTERA INT A ROMA NORTE 168
ROMA NORTE
CIUDAD DE MEXICO CDMX",,06700,MEXICO,'AT252430004000010304109'
30 Aug 2025,30 Aug 2025,"GITHUB, INC.            SAN FRANCISCO",268.06,14.00 USD,,,"GITHUB, INC.            SAN FRANCISCO","275 BRANNAN STREET
SAN FRANCISCO
CA",,94107,UNITED STATES,'AT252420004000010355494'
30 Aug 2025,30 Aug 2025,RAPPI*RAPPI MEXICO      MEXICO CITY,1009.70,,,RFCTRA150604TW1 /REF908a6890-d46f-4a55-b,RAPPI*RAPPI MEXICO      MEXICO CITY,"BOULEVARD MIGUEL CERVANTES SAAVEDRA
57B GRANADA
MIGUEL HIDALGO
MEXICO",,11529,MEXICO,'AT252420004000010330926'
28 Aug 2025,29 Aug 2025,ALMANEGRA CAFE          CIUDAD DE MEX,48.40,,,RFCBMN930209927 /REF821330894772,ALMANEGRA CAFE          CIUDAD DE MEX,"CA ZACATECAS NO 180
ROMA NORTE
CIUDAD DE MEXICO CDMX",,6700,MEXICO,'AT252410004000010278051'
28 Aug 2025,29 Aug 2025,CLAUDE.AI SUBSCRIPTION  SAN FRANCISCO,383.11,20.00 USD,,,CLAUDE.AI SUBSCRIPTION  SAN FRANCISCO,"731 SANSOME ST
SAN FRANCISCO
CA",,94111,UNITED STATES,'AT252410004000010306247'
28 Aug 2025,29 Aug 2025,GONZALITOS TAQUERIA S   CIUDAD DE MEX,367.40,,,RFCBBA830831LJ2 /REFMLBI6MIRFMAA,GONZALITOS TAQUERIA S   CIUDAD DE MEX,"C COLIMA 76 DPTO LOCAL 76
ROMA NORTE
DF
CIUDAD DE MEXICO CDMX",,06700,MEXICO,'AT252410004000010282890'
27 Aug 2025,27 Aug 2025,AUDIBLE*RO73Y7P93       AMZN.COM/BILL,286.97,14.95 USD,,,AUDIBLE*RO73Y7P93       AMZN.COM/BILL,"1 WASHINGTON PARK
NEWARK
NJ",,07102-3122,UNITED STATES,'AT252390004000010321174'
27 Aug 2025,29 Aug 2025,GOOGLE *GOOGLE ONE      G.CO/HELPPAY#,395.00,,,,GOOGLE *GOOGLE ONE      G.CO/HELPPAY#,"1600 AMPHITHEATRE PARKWAY
MOUNTAIN VIEW",,94043,UNITED STATES,'AT252410004000010305249'
27 Aug 2025,28 Aug 2025,LA 20 DEL VALLE         MEXICO,733.00,,,RFCVME1902284C1 /REF001167,LA 20 DEL VALLE         MEXICO,"OKLAHOMA NO 13 0
NAPOLES
BENITO JUAREZ
MEXICO",,03810,MEXICO,'AT252400004000010333718'
27 Aug 2025,27 Aug 2025,UBER TRIP               HTTPS://HELP.UB,90.31,,,,UBER TRIP               HTTPS://HELP.UB,"MR. TREUBLAAN 7
AMSTERDAM",,1097 DP,NETHERLANDS,'AT252390004000010322029'
27 Aug 2025,28 Aug 2025,UBER TRIP               HTTPS://HELP.UB,195.28,,,,UBER TRIP               HTTPS://HELP.UB,"MR. TREUBLAAN 7
AMSTERDAM",,1097 DP,NETHERLANDS,'AT252400004000010323938'
26 Aug 2025,26 Aug 2025,AMAZON MX*AD FREE FOR P MEXICO CITY,50.00,,,RFCANE140618P37 /REF3nebw4i1m9ahuKv5WzDh,AMAZON MX*AD FREE FOR P MEXICO CITY,"MANUEL AVILA CAMACHO 36
LOMAS DE CHAPULTEPEC I SECCION
MIGUEL HIDALGO
MEXICO",,11000,MEXICO,'AT252380004000010316357'
26 Aug 2025,27 Aug 2025,ANTHROPIC               SAN FRANCISCO,4797.19,250.00 USD,,,ANTHROPIC               SAN FRANCISCO,"731 SANSOME ST
SAN FRANCISCO
CA",,94111,UNITED STATES,'AT252390004000010304685'
26 Aug 2025,27 Aug 2025,RESTAURAT CAMOMILA      CIUDAD DE MEX,310.50,,,RFCBBA830831LJ2 /REFJ7AKX413GKVK,RESTAURAT CAMOMILA      CIUDAD DE MEX,"C MERIDA 122
ROMA NORTE
DF
CIUDAD DE MEXICO CDMX",,06700,MEXICO,'AT252390004000010312058'
25 Aug 2025,26 Aug 2025,BUNA CAFE RICO LIVER    CIUDAD DE MEX,335.00,,,RFCBBA830831LJ2 /REFZJR4QQFLCOX0,BUNA CAFE RICO LIVER    CIUDAD DE MEX,"AV AMSTERDAM 285 SN
HIPODROMO
DF
CIUDAD DE MEXICO CDMX",,06100,MEXICO,'AT252380004000010317929'
25 Aug 2025,26 Aug 2025,CASAS DE COMIDA DEGU S  CIUDAD DE MEX,732.60,,,RFCBBA830831LJ2 /REFF1ZUTMXA0WXT,CASAS DE COMIDA DEGU S  CIUDAD DE MEX,"C HUICHAPAN 25 1
HIPODROMO
DF
CIUDAD DE MEXICO CDMX",,06100,MEXICO,'AT252380004000010317896'
25 Aug 2025,25 Aug 2025,DWELL ALL ACCESS        MIAMI,1531.01,79.99 USD,,,DWELL ALL ACCESS        MIAMI,"""701 BRICKELL AVENUE, SUIT""
MIAMI
FL",,33131,UNITED STATES,'AT252370004000010341054'
24 Aug 2025,24 Aug 2025,APPLE.COM/BILL          CUPERTINO,257.00,,,,APPLE.COM/BILL          CUPERTINO,"ONE APPLE PARKY WAY
CUPERTINO",,95014,UNITED STATES,'AT252360004000010279351'
24 Aug 2025,25 Aug 2025,GOOGLE *NEST            G.CO/HELPPAY#,200.00,,,,GOOGLE *NEST            G.CO/HELPPAY#,"1600 AMPHITHEATRE PARKWAY
MOUNTAIN VIEW",,94043,UNITED STATES,'AT252370004000010343002'
24 Aug 2025,24 Aug 2025,RAPPI*RAPPI MEXICO      MEXICO CITY,875.70,,,RFCTRA150604TW1 /REFa779ef5b-5efa-44d6-9,RAPPI*RAPPI MEXICO      MEXICO CITY,"BOULEVARD MIGUEL CERVANTES SAAVEDRA
57B GRANADA
MIGUEL HIDALGO
MEXICO",,11529,MEXICO,'AT252360004000010281579'
23 Aug 2025,23 Aug 2025,APPLE.COM/BILL          CUPERTINO,17.00,,,,APPLE.COM/BILL          CUPERTINO,"ONE APPLE PARKY WAY
CUPERTINO",,95014,UNITED STATES,'AT252350004000010321926'
23 Aug 2025,23 Aug 2025,APPLE.COM/BILL          CUPERTINO,129.00,,,,APPLE.COM/BILL          CUPERTINO,"ONE APPLE PARKY WAY
CUPERTINO",,95014,UNITED STATES,'AT252350004000010322127'
23 Aug 2025,23 Aug 2025,APPLE.COM/BILL          CUPERTINO,319.00,,,,APPLE.COM/BILL          CUPERTINO,"ONE APPLE PARKY WAY
CUPERTINO",,95014,UNITED STATES,'AT252350004000010321924'
23 Aug 2025,23 Aug 2025,EL PALACIO DE HIERRO DU MEXICO,3166.56,,,"CARGO 02 DE 09
RFCPHI830429MG6 /REF000000001217",EL PALACIO DE HIERRO DU MEXICO,"DURANGO 230
ROMA
CUAUHTEMOC
MEXICO",,06700,MEXICO,'AT252080204000010325280'
23 Aug 2025,24 Aug 2025,FELIXES FELICES AV MEXI MEXICO,181.50,,,RFCFFE150814I57 /REF001755,FELIXES FELICES AV MEXI MEXICO,"AV MEXICO 99 LOC A
HIPODROMO
CUAUHTEMOC
MEXICO",,06100,MEXICO,'AT252360004000010284912'
23 Aug 2025,24 Aug 2025,GOOGLE *YOUTUBEPREMIUM  G.CO/HELPPAY#,159.00,,,,GOOGLE *YOUTUBEPREMIUM  G.CO/HELPPAY#,"1600 AMPHITHEATRE PARKWAY
MOUNTAIN VIEW",,94043,UNITED STATES,'AT252360004000010269364'
23 Aug 2025,24 Aug 2025,LO DE JULIO RESTAURANT  CIUDAD DE MEX,940.70,,,RFCBMN930209927 /REF731356730503,LO DE JULIO RESTAURANT  CIUDAD DE MEX,"OXFORD NO 35
JUAREZ
CIUDAD DE MEXICO CDMX",,06600,MEXICO,'AT252360004000010277751'
23 Aug 2025,23 Aug 2025,PALACIODEHIERRO DURANGO MEXICO,4263.25,,,"CARGO 03 DE 12
RFCPHI830429MG6 /REF843815",PALACIODEHIERRO DURANGO MEXICO,"DURANGO 230
ROMA
CUAUHTEMOC
MEXICO",,06700,MEXICO,'AT251880304000010316517'
23 Aug 2025,24 Aug 2025,PAYU-GOOGLE CLOUD 10166 CIUDAD DE MEXIC,200.00,,,RFCOLA1012082G0 /REF4036497550,PAYU-GOOGLE CLOUD 10166 CIUDAD DE MEXIC,"MONTES URALES 445 PISO 5
LOMAS DE CHAPULTEPEC I SECCION
MIGUEL HIDALGO
MEXICO",,11000,MEXICO,'AT252360004000010277902'
23 Aug 2025,23 Aug 2025,UBER TRIP               HTTPS://HELP.UB,106.57,,,,UBER TRIP               HTTPS://HELP.UB,"MR. TREUBLAAN 7
AMSTERDAM",,1097 DP,NETHERLANDS,'AT252350004000010308406'
23 Aug 2025,23 Aug 2025,UBER TRIP               HTTPS://HELP.UB,117.49,,,,UBER TRIP               HTTPS://HELP.UB,"MR. TREUBLAAN 7
AMSTERDAM",,1097 DP,NETHERLANDS,'AT252350004000010310137'
23 Aug 2025,23 Aug 2025,UBER TRIP               HTTPS://HELP.UB,135.85,,,,UBER TRIP               HTTPS://HELP.UB,"MR. TREUBLAAN 7
AMSTERDAM",,1097 DP,NETHERLANDS,'AT252350004000010308448'
23 Aug 2025,24 Aug 2025,UBER TRIP               HTTPS://HELP.UB,151.17,,,,UBER TRIP               HTTPS://HELP.UB,"MR. TREUBLAAN 7
AMSTERDAM",,1097 DP,NETHERLANDS,'AT252360004000010272120'
22 Aug 2025,24 Aug 2025,OEL*ABYSSMO             CUAHUTEMOC,3103.85,,,RFCOLI000404TT4 /REFY3BUMYZZYOG8,OEL*ABYSSMO             CUAHUTEMOC,"AVENIDA NUEVO LEON 89
CUAHUTEMOC",,53100,MEXICO,'AT252360004000010269740'
22 Aug 2025,23 Aug 2025,REST ARFELL FT          CUAUHTEMOC,99.00,,,RFCBLI120726UF6 /REF9VXQNEUCFDFH,REST ARFELL FT          CUAUHTEMOC,"PACHUCA 100
CUAUHTEMOC",,06140,MEXICO,'AT252350004000010325856'
22 Aug 2025,23 Aug 2025,REST CHORIPA            CIUDAD DE MEX,500.50,,,RFCBBA830831LJ2 /REF3Y6S95DRFUY8,REST CHORIPA            CIUDAD DE MEX,"C ZACATECAS 143
ROMA NORTE
DF
CIUDAD DE MEXICO CDMX",,06700,MEXICO,'AT252350004000010317420'