Fecha,Fecha de Compra,Descripción,Importe
22 Jul 2025,22 Jul 2025,CABLE Y COMU MORELIA SA CIUDAD DE MEXIC,719.38
21 Jul 2025,22 Jul 2025,ATARANTADOS             CIUDAD DE MEX,374.00
21 Jul 2025,21 Jul 2025,SPOTIFY MX              MEXICO,129.00
21 Jul 2025,21 Jul 2025,UBER TRIP               HTTPS://HELP.UB,469.13
21 Jul 2025,22 Jul 2025,WWW.MUBI.COM            NEW YORK,179.00
20 Jul 2025,21 Jul 2025,NETPAY*FLAVORTOWN MARKE Yucatan,387.00
19 Jul 2025,19 Jul 2025,NETFLIX.COM             LOS GATOS,480.44
19 Jul 2025,19 Jul 2025,VIVAAEROBUS VIVAAEROBUS MEXICO,1158.22
17 Jul 2025,18 Jul 2025,RETAIL IN MOTION COM RA CIUDAD DE MEXIC,198.00
17 Jul 2025,17 Jul 2025,UBER TRIP               HTTPS://HELP.UB,545.77
16 Jul 2025,16 Jul 2025,AMAZON MX MARKETPLACE*A MEXICO CITY,275.00
16 Jul 2025,18 Jul 2025,KERICO NICHO            MEXICO,246.00
16 Jul 2025,17 Jul 2025,NETPAY*VIVAAEROBUS APTO Ciudad De Mexic,961.00
15 Jul 2025,15 Jul 2025,BILLPOCKET*CAFE V 8DF0A CUAUHTEMOC,3500.00
15 Jul 2025,16 Jul 2025,EL PALACIO DE HIERRO DU MEXICO,1549.00
15 Jul 2025,16 Jul 2025,PALACIODEHIERRO LE BIST MEXICO,1243.15
15 Jul 2025,16 Jul 2025,RESTAURAT CAMOMILA      CIUDAD DE MEX,315.70
15 Jul 2025,15 Jul 2025,ROTOPLAS SERVICIO       CDMX,369.00
15 Jul 2025,15 Jul 2025,TELEFONOS DE MEXICO SAB CIUDAD DE MEXIC,1078.00
14 Jul 2025,15 Jul 2025,ALMANEGRACAFE ROMA      MEXICO,430.00
14 Jul 2025,15 Jul 2025,ATARANTADOS             CIUDAD DE MEX,324.50
14 Jul 2025,15 Jul 2025,MEDIUM ANNUAL           SAN FRANCISCO,962.86
13 Jul 2025,13 Jul 2025,AMAZON MX MARKETPLACE*A MEXICO CITY,555.72
13 Jul 2025,15 Jul 2025,AMAZON MX MARKETPLACE*A MEXICO CITY,577.00
13 Jul 2025,13 Jul 2025,APPLE.COM/BILL          CUPERTINO,199.00
13 Jul 2025,14 Jul 2025,THE REST IS HISTORY     HAYWARDS HEATH,155.99
13 Jul 2025,14 Jul 2025,UBER EATS               HTTPS://HELP.UB,779.22
13 Jul 2025,13 Jul 2025,UBER TRIP               HTTPS://HELP.UB,68.39
12 Jul 2025,14 Jul 2025,COMISION FEDERAL DE ELE Mexico 484,2351.00
12 Jul 2025,13 Jul 2025,FS *PUT.IO              877-327-8914,191.44
12 Jul 2025,13 Jul 2025,MERCADOPAGO*FIERRO      Cuauht?moc,2970.00
12 Jul 2025,13 Jul 2025,REST GIGI DELICATESSEN  CIUDAD DE MEX,1023.50
12 Jul 2025,12 Jul 2025,UBER EATS               HTTPS://HELP.UB,599.73
12 Jul 2025,13 Jul 2025,UBER TRIP               HTTPS://HELP.UB,138.65
11 Jul 2025,12 Jul 2025,REST CHORIPA            CIUDAD DE MEX,678.70
10 Jul 2025,10 Jul 2025,IKANO RETAIL MÉXICO S.A MEXICO CITY,748.00
10 Jul 2025,11 Jul 2025,RESTAURAT CAMOMILA      CIUDAD DE MEX,198.00
09 Jul 2025,10 Jul 2025,AMAZON MX MARKETPLACE*A MEXICO CITY,588.00
09 Jul 2025,10 Jul 2025,MERCADOPAGO*GONZALITOS  Cuauht?moc,345.40
08 Jul 2025,09 Jul 2025,ATARANTADOS             CIUDAD DE MEX,711.70
08 Jul 2025,08 Jul 2025,RAPPI*RAPPI MEXICO      MEXICO CITY,202.95
07 Jul 2025,09 Jul 2025,AMAZON MX MARKETPLACE*A MEXICO CITY,565.00
07 Jul 2025,08 Jul 2025,AMAZON MX MARKETPLACE*A MEXICO CITY,6638.98
07 Jul 2025,08 Jul 2025,AMAZON MX MARKETPLACE*A MEXICO CITY,7899.00
07 Jul 2025,07 Jul 2025,PALACIODEHIERRO DURANGO MEXICO,4263.25
07 Jul 2025,08 Jul 2025,PORCO ROSSO BBQ ROMA PO CUAUHTEMOC,358.00
07 Jul 2025,07 Jul 2025,WHITEPAPER.MX           SAN PEDRO GARZA,159.00
06 Jul 2025,07 Jul 2025,AMAZON MX MARKETPLACE*A MEXICO CITY,7608.03
06 Jul 2025,06 Jul 2025,GIGI                    MEXICO,1023.50
06 Jul 2025,07 Jul 2025,PALACIODEHIERRO LE BIST MEXICO,1570.90
06 Jul 2025,08 Jul 2025,PETCO CONDESA II        CUAUHTEMOC,780.00
06 Jul 2025,06 Jul 2025,UBER ONE MEMBERSHIP     HTTPS://HELP.UB,70.00
05 Jul 2025,05 Jul 2025,EIGHT SLEEP             NEW YORK,67498.00
05 Jul 2025,06 Jul 2025,MERCADOPAGO*TEMUCOM     CDMX,146.62
05 Jul 2025,06 Jul 2025,MERCADOPAGO*TEMUCOM     CDMX,698.11
05 Jul 2025,05 Jul 2025,RAPPI*RAPPI MEXICO      MEXICO CITY,20.00
05 Jul 2025,05 Jul 2025,RAPPI*RAPPI MEXICO      MEXICO CITY,925.70
05 Jul 2025,05 Jul 2025,UBER TRIP               HTTPS://HELP.UB,83.23
04 Jul 2025,07 Jul 2025,CGO AUT TELCEL REGION 8 MERIDA,771.45
04 Jul 2025,05 Jul 2025,LE PAIN QUOTIDIEN ROMA  MEXICO,323.40
04 Jul 2025,05 Jul 2025,OPENAI *CHATGPT SUBSCR  SAN FRANCISCO,3827.15
04 Jul 2025,05 Jul 2025,REST ARDA               CIUDAD DE MEX,4036.50
03 Jul 2025,03 Jul 2025,AMAZON MX*PRIME VIDEO C MEXICO CITY,129.00
03 Jul 2025,03 Jul 2025,ANTHROPIC               SAN FRANCISCO,4792.29
03 Jul 2025,04 Jul 2025,GONZALITOS TAQUERIA S   CIUDAD DE MEX,345.40
03 Jul 2025,04 Jul 2025,MERCADOPAGO*SERVTECNICO Iztapalapa,22.00
02 Jul 2025,02 Jul 2025,BILLPOCKET*CAFE V 8DF0A CUAUHTEMOC,2000.00
02 Jul 2025,02 Jul 2025,GRACIAS POR SU PAGO EN LINEA,-49900.00
02 Jul 2025,02 Jul 2025,GRACIAS POR SU PAGO EN LINEA,-49800.00
02 Jul 2025,02 Jul 2025,GRACIAS POR SU PAGO EN LINEA,-49700.00
02 Jul 2025,02 Jul 2025,GRACIAS POR SU PAGO EN LINEA,-47748.82
02 Jul 2025,03 Jul 2025,MERCADO LIBRE 2         MEXICO,1305.00
02 Jul 2025,03 Jul 2025,MERCADOPAGO*GREENRHINO  Cuauht?moc,209.00
02 Jul 2025,03 Jul 2025,REST CHORIPA            CIUDAD DE MEX,497.20
02 Jul 2025,03 Jul 2025,X CORP. PAID FEATURES   BASTROP,154.08
01 Jul 2025,01 Jul 2025,PAYU-GOOGLE CLOUD 10166 CIUDAD DE MEXIC,167.04
01 Jul 2025,02 Jul 2025,RESTAURAT CAMOMILA      CIUDAD DE MEX,251.90
01 Jul 2025,01 Jul 2025,VIVAAEROBUS VIVAAEROBUS MEXICO,12438.07
30 Jun 2025,01 Jul 2025,ALMANEGRACAFE ROMA      MEXICO,107.80
30 Jun 2025,01 Jul 2025,AMAZON MX MARKETPLACE*A MEXICO CITY,245.09
30 Jun 2025,30 Jun 2025,AMAZON MX MARKETPLACE*A MEXICO CITY,1199.00
30 Jun 2025,30 Jun 2025,AMAZON MX MARKETPLACE*A MEXICO CITY,1335.51
30 Jun 2025,01 Jul 2025,AMAZON MX MARKETPLACE*A MEXICO CITY,18999.00
30 Jun 2025,30 Jun 2025,AMAZON MX*AMAZON RETAIL MEXICO CITY,245.00
30 Jun 2025,30 Jun 2025,AMAZON MX*AMAZON RETAIL MEXICO CITY,14999.00
30 Jun 2025,01 Jul 2025,ATARANTADOS             CIUDAD DE MEX,416.90
30 Jun 2025,30 Jun 2025,"GITHUB, INC.            SAN FRANCISCO",270.77
29 Jun 2025,29 Jun 2025,AMAZON MX MARKETPLACE*A MEXICO CITY,519.00
29 Jun 2025,30 Jun 2025,REST GIGI DELICATESSEN  CIUDAD DE MEX,1000.50
29 Jun 2025,30 Jun 2025,SMART FISH              MEXICO,1094.32
28 Jun 2025,29 Jun 2025,CASA D ITALIA REST      CIUDAD DE MEX,1897.50
28 Jun 2025,29 Jun 2025,CLAUDE.AI SUBSCRIPTION  SAN FRANCISCO,387.14
28 Jun 2025,29 Jun 2025,GOOGLE *GOOGLE ONE      G.CO/HELPPAY#,395.00
27 Jun 2025,27 Jun 2025,AUDIBLE*NQ7H20100       AMZN.COM/BILL,289.38
27 Jun 2025,28 Jun 2025,MERCADOPAGO*ORUJO       Cuauht?moc,506.00
27 Jun 2025,28 Jun 2025,OMX 130 ROMA            CIUDAD DE MEXIC,109.00
27 Jun 2025,29 Jun 2025,ROJO BISTROT            CIUDAD DE MEX,2015.00
27 Jun 2025,27 Jun 2025,SMART DNS PROXY         DUBLIN,931.85
27 Jun 2025,27 Jun 2025,UBER TRIP               HTTPS://HELP.UB,333.50
27 Jun 2025,27 Jun 2025,UBER TRIP               HTTPS://HELP.UB,334.23
26 Jun 2025,27 Jun 2025,ALMANEGRACAFE ROMA      MEXICO,85.80
26 Jun 2025,26 Jun 2025,AMAZON MX*AD FREE FOR P MEXICO CITY,50.00
26 Jun 2025,27 Jun 2025,GONZALITOS TAQUERIA S   CIUDAD DE MEX,345.40
25 Jun 2025,26 Jun 2025,AMAZON MX MARKETPLACE*A MEXICO CITY,1649.90
25 Jun 2025,26 Jun 2025,ATARANTADOS             CIUDAD DE MEX,379.50
24 Jun 2025,24 Jun 2025,APPLE.COM/BILL          CUPERTINO,348.00
24 Jun 2025,25 Jun 2025,EL CALIFA ROMA          MEXICO,314.60
24 Jun 2025,25 Jun 2025,GOOGLE*NEST             MOUNTAIN VIEW,150.00
24 Jun 2025,25 Jun 2025,TARSNAP.COM             MAPLE RIDGE,390.80
23 Jun 2025,25 Jun 2025,AMAZON MX MARKETPLACE*A MEXICO CITY,832.63
23 Jun 2025,23 Jun 2025,APPLE.COM/BILL          CUPERTINO,17.00
23 Jun 2025,23 Jun 2025,APPLE.COM/BILL          CUPERTINO,128.00
23 Jun 2025,23 Jun 2025,APPLE.COM/BILL          CUPERTINO,129.00
23 Jun 2025,23 Jun 2025,CABLE Y COMU MORELIA SA CIUDAD DE MEXIC,719.38
23 Jun 2025,24 Jun 2025,GOOGLE *YOUTUBEPREMIUM  G.CO/HELPPAY#,159.00
23 Jun 2025,24 Jun 2025,PAYU-GOOGLE CLOUD 10166 CIUDAD DE MEXIC,200.00
23 Jun 2025,23 Jun 2025,RAPPI*RAPPI MEXICO      MEXICO CITY,447.80
23 Jun 2025,24 Jun 2025,RESTAURAT CAMOMILA      CIUDAD DE MEX,214.50
22 Jun 2025,24 Jun 2025,AMAZON MX MARKETPLACE*A MEXICO CITY,565.00
22 Jun 2025,23 Jun 2025,ANTHROPIC               SAN FRANCISCO,4915.68
22 Jun 2025,23 Jun 2025,FISHER'S CONDESA        CUAUHTEMOC,396.00